#
# There is insufficient memory for the Java Runtime Environment to continue.
# Native memory allocation (mmap) failed to map 28311552 bytes. Error detail: G1 virtual space
# Possible reasons:
#   The system is out of physical RAM or swap space
#   This process is running with CompressedOops enabled, and the Java Heap may be blocking the growth of the native heap
# Possible solutions:
#   Reduce memory load on the system
#   Increase physical memory or swap space
#   Check if swap backing store is full
#   Decrease Java heap size (-Xmx/-Xms)
#   Decrease number of Java threads
#   Decrease Java thread stack sizes (-Xss)
#   Set larger code cache with -XX:ReservedCodeCacheSize=
#   JVM is running with Unscaled Compressed Oops mode in which the Java heap is
#     placed in the first 4GB address space. The Java Heap base address is the
#     maximum limit for the native heap growth. Please use -XX:HeapBaseMinAddress
#     to set the Java Heap base and to place the Java Heap above 4GB virtual address.
# This output file may be truncated or incomplete.
#
#  Out of Memory Error (os_windows.cpp:3554), pid=19004, tid=19144
#
# JRE version: Java(TM) SE Runtime Environment (25.0.1+8) (build 25.0.1+8-LTS-27)
# Java VM: Java HotSpot(TM) 64-Bit Server VM (25.0.1+8-LTS-27, mixed mode, sharing, tiered, compressed oops, compressed class ptrs, g1 gc, windows-amd64)
# No core dump will be written. Minidumps are not enabled by default on client versions of Windows
#

---------------  S U M M A R Y ------------

Command Line: --add-opens=java.base/java.lang=ALL-UNNAMED --add-opens=java.base/java.lang.invoke=ALL-UNNAMED --add-opens=java.base/java.util=ALL-UNNAMED --add-opens=java.prefs/java.util.prefs=ALL-UNNAMED --add-exports=jdk.compiler/com.sun.tools.javac.api=ALL-UNNAMED --add-exports=jdk.compiler/com.sun.tools.javac.util=ALL-UNNAMED --add-opens=java.base/java.util=ALL-UNNAMED --add-opens=java.prefs/java.util.prefs=ALL-UNNAMED --add-opens=java.base/java.nio.charset=ALL-UNNAMED --add-opens=java.base/java.net=ALL-UNNAMED --add-opens=java.base/java.util.concurrent=ALL-UNNAMED --add-opens=java.base/java.util.concurrent.atomic=ALL-UNNAMED --add-opens=java.xml/javax.xml.namespace=ALL-UNNAMED --add-opens=java.base/java.time=ALL-UNNAMED --enable-native-access=ALL-UNNAMED -XX:MaxMetaspaceSize=512m --enable-native-access=ALL-UNNAMED -Xmx2048m -Dfile.encoding=UTF-8 -Duser.country=IN -Duser.language=en -Duser.variant -javaagent:C:\Users\HP\.gradle\wrapper\dists\gradle-9.3.1-bin\23ovyewtku6u96viwx3xl3oks\gradle-9.3.1\lib\agents\gradle-instrumentation-agent-9.3.1.jar org.gradle.launcher.daemon.bootstrap.GradleDaemon 9.3.1

Host: AMD Ryzen 3 5300U with Radeon Graphics         , 8 cores, 7G,  Windows 11 , 64 bit Build 26100 (10.0.26100.8875)
Time: Mon Jul 20 22:02:04 2026 India Standard Time elapsed time: 41.696803 seconds (0d 0h 0m 41s)

---------------  T H R E A D  ---------------

Current thread (0x0000021ac1a1ab00):  VMThread "VM Thread"          [id=19144, stack(0x0000007085a00000,0x0000007085b00000) (1024K)]

Stack: [0x0000007085a00000,0x0000007085b00000]
Native frames: (J=compiled Java code, j=interpreted, Vv=VM code, C=native code)
V  [jvm.dll+0x7a6b59]  (no source info available)
V  [jvm.dll+0x77290d]  (no source info available)
V  [jvm.dll+0x966153]  (no source info available)
V  [jvm.dll+0x968751]  (no source info available)
V  [jvm.dll+0x968e53]  (no source info available)
V  [jvm.dll+0x2fc756]  (no source info available)
V  [jvm.dll+0x7a2d85]  (no source info available)
V  [jvm.dll+0x796197]  (no source info available)
V  [jvm.dll+0x3f4698]  (no source info available)
V  [jvm.dll+0x3fc5b6]  (no source info available)
V  [jvm.dll+0x3e8c8e]  (no source info available)
V  [jvm.dll+0x3e8f48]  (no source info available)
V  [jvm.dll+0x3c0045]  (no source info available)
V  [jvm.dll+0x3c2c7c]  (no source info available)
V  [jvm.dll+0x3cf1ff]  (no source info available)
V  [jvm.dll+0x40b23f]  (no source info available)
V  [jvm.dll+0x96f091]  (no source info available)
V  [jvm.dll+0x9703ad]  (no source info available)
V  [jvm.dll+0x970929]  (no source info available)
V  [jvm.dll+0x970bd3]  (no source info available)
V  [jvm.dll+0x906a0d]  (no source info available)
V  [jvm.dll+0x7a5135]  (no source info available)
C  [ucrtbase.dll+0x2cd30]  (no source info available)
C  [KERNEL32.DLL+0x2e957]  (no source info available)
C  [ntdll.dll+0xaad6c]  (no source info available)

VM_Operation (0x00000070855ff530): G1PauseRemark, mode: safepoint, requested by thread 0x0000021aa4b49400


---------------  P R O C E S S  ---------------

Threads class SMR info:
_java_thread_list=0x0000021aca887f10, length=148, elements={
0x0000021aa4ad4560, 0x0000021ac1a2feb0, 0x0000021ac1a315e0, 0x0000021ac18e1470,
0x0000021ac18e1c40, 0x0000021ac1a3b540, 0x0000021ac1a39dd0, 0x0000021ac1a45590,
0x0000021ac1a496c0, 0x0000021ac1a3d480, 0x0000021ac1a3e420, 0x0000021ac7472830,
0x0000021ac746f950, 0x0000021ac74737d0, 0x0000021ac7473fa0, 0x0000021ac7474770,
0x0000021ac7474f40, 0x0000021ac7475710, 0x0000021ac7ce1420, 0x0000021ac7cddd70,
0x0000021ac7cde540, 0x0000021ac7ce52a0, 0x0000021ac7ce4ad0, 0x0000021ac7a39ff0,
0x0000021ac7a3a7c0, 0x0000021ac7a3bf30, 0x0000021ac7a3b760, 0x0000021ac7a40580,
0x0000021ac7a40d50, 0x0000021ac7d88920, 0x0000021ac7d88150, 0x0000021ac7d8a090,
0x0000021ac7d871b0, 0x0000021ac7d8cf70, 0x0000021ac8de5870, 0x0000021ac8de77b0,
0x0000021ac8de9ec0, 0x0000021ac8de7f80, 0x0000021ac8debe00, 0x0000021ac8deae60,
0x0000021ac8decda0, 0x0000021ac7d8b030, 0x0000021ac7e8a310, 0x0000021ac7e88ba0,
0x0000021ac7e89370, 0x0000021ac7e87430, 0x0000021ac7e8ca20, 0x0000021ac7e8e960,
0x0000021ac7e8ba80, 0x0000021ac7e8b2b0, 0x0000021ac6c136c0, 0x0000021ac6c15dd0,
0x0000021ac6c12ef0, 0x0000021ac6c17540, 0x0000021ac6c184e0, 0x0000021ac6c17d10,
0x0000021ac6c19c50, 0x0000021ac6a797f0, 0x0000021ac6a78850, 0x0000021ac6a79fc0,
0x0000021ac6a7af60, 0x0000021ac6a7cea0, 0x0000021ac6a7d670, 0x0000021ac6a7e610,
0x0000021ac6a7bf00, 0x0000021ac6a7fd80, 0x0000021ac6a80d20, 0x0000021ac6a82490,
0x0000021ac6a83c00, 0x0000021ac6a80550, 0x0000021ac6a85370, 0x0000021ac6a84ba0,
0x0000021ac9f3d140, 0x0000021ac9f3e0e0, 0x0000021ac9f3f850, 0x0000021ac9f3e8b0,
0x0000021ac9f3f080, 0x0000021ac9f40020, 0x0000021ac9f407f0, 0x0000021ac9f42f00,
0x0000021ac9f43ea0, 0x0000021ac9f484f0, 0x0000021ac9f47550, 0x0000021ac9f45610,
0x0000021ac9f48cc0, 0x0000021ac9f47d20, 0x0000021ac9f465b0, 0x0000021ac9f4ac00,
0x0000021ac9f4b3d0, 0x0000021ac939c4e0, 0x0000021ac939b540, 0x0000021ac9399dd0,
0x0000021ac939e420, 0x0000021ac93a1ad0, 0x0000021ac93a2a70, 0x0000021ac93a0360,
0x0000021ac939fb90, 0x0000021ac93a3a10, 0x0000021ac93a49b0, 0x0000021ac93a5950,
0x0000021ac93a8060, 0x0000021ac93a70c0, 0x0000021ac93a7890, 0x0000021ac93a9000,
0x0000021aca9b2bd0, 0x0000021aca9b4b10, 0x0000021aca9b6280, 0x0000021aca9b6a50,
0x0000021aca9b7220, 0x0000021aca9bb0a0, 0x0000021aca9ba8d0, 0x0000021aca9b9160,
0x0000021aca9b81c0, 0x0000021aca9b9930, 0x0000021aca9bc810, 0x0000021aca9bdf80,
0x0000021aca9bf6f0, 0x0000021aca9bfec0, 0x0000021aca9c0690, 0x0000021aca9c1630,
0x0000021acaf58b30, 0x0000021acaf57b90, 0x0000021acaf56bf0, 0x0000021acaf55c50,
0x0000021acaf56420, 0x0000021acaf5aa70, 0x0000021acaf5d950, 0x0000021acaf5e120,
0x0000021acaf5d180, 0x0000021acaf5b240, 0x0000021acaf61000, 0x0000021acaf617d0,
0x0000021acaf5f0c0, 0x0000021acaf63710, 0x0000021acaf63ee0, 0x0000021acaf65e20,
0x0000021acaf65650, 0x0000021acaf6a470, 0x0000021acaf60830, 0x0000021acaf6b410,
0x0000021acaf6f290, 0x0000021acaf6eac0, 0x0000021acaf738e0, 0x0000021acaf74880,
0x0000021ad11207d0, 0x0000021ad1122710, 0x0000021ad111f060, 0x0000021acb64d8c0
}

Java Threads: ( => current thread )
  0x0000021aa4ad4560 JavaThread "main"                              [_thread_blocked, id=1400, stack(0x0000007085300000,0x0000007085400000) (1024K)]
  0x0000021ac1a2feb0 JavaThread "Reference Handler"          daemon [_thread_blocked, id=884, stack(0x0000007085b00000,0x0000007085c00000) (1024K)]
  0x0000021ac1a315e0 JavaThread "Finalizer"                  daemon [_thread_blocked, id=25908, stack(0x0000007085c00000,0x0000007085d00000) (1024K)]
  0x0000021ac18e1470 JavaThread "Signal Dispatcher"          daemon [_thread_blocked, id=9104, stack(0x0000007085d00000,0x0000007085e00000) (1024K)]
  0x0000021ac18e1c40 JavaThread "Attach Listener"            daemon [_thread_blocked, id=24668, stack(0x0000007085e00000,0x0000007085f00000) (1024K)]
  0x0000021ac1a3b540 JavaThread "Service Thread"             daemon [_thread_blocked, id=26344, stack(0x0000007085f00000,0x0000007086000000) (1024K)]
  0x0000021ac1a39dd0 JavaThread "Monitor Deflation Thread"   daemon [_thread_blocked, id=24024, stack(0x0000007086000000,0x0000007086100000) (1024K)]
  0x0000021ac1a45590 JavaThread "C2 CompilerThread0"         daemon [_thread_blocked, id=20284, stack(0x0000007086100000,0x0000007086200000) (1024K)]
  0x0000021ac1a496c0 JavaThread "C1 CompilerThread0"         daemon [_thread_blocked, id=26148, stack(0x0000007086200000,0x0000007086300000) (1024K)]
  0x0000021ac1a3d480 JavaThread "Common-Cleaner"             daemon [_thread_blocked, id=22076, stack(0x0000007086300000,0x0000007086400000) (1024K)]
  0x0000021ac1a3e420 JavaThread "Notification Thread"        daemon [_thread_blocked, id=15140, stack(0x0000007086400000,0x0000007086500000) (1024K)]
  0x0000021ac7472830 JavaThread "Daemon health stats"               [_thread_blocked, id=508, stack(0x0000007086700000,0x0000007086800000) (1024K)]
  0x0000021ac746f950 JavaThread "Incoming local TCP Connector on port 3160"        [_thread_in_native, id=24324, stack(0x0000007086800000,0x0000007086900000) (1024K)]
  0x0000021ac74737d0 JavaThread "Daemon periodic checks"            [_thread_blocked, id=22796, stack(0x0000007086900000,0x0000007086a00000) (1024K)]
  0x0000021ac7473fa0 JavaThread "Daemon"                            [_thread_blocked, id=25388, stack(0x0000007086a00000,0x0000007086b00000) (1024K)]
  0x0000021ac7474770 JavaThread "Handler for socket connection from /127.0.0.1:3160 to /127.0.0.1:3161"        [_thread_in_native, id=22720, stack(0x0000007086b00000,0x0000007086c00000) (1024K)]
  0x0000021ac7474f40 JavaThread "Cancel handler"                    [_thread_blocked, id=14824, stack(0x0000007086c00000,0x0000007086d00000) (1024K)]
  0x0000021ac7475710 JavaThread "Daemon worker"                     [_thread_blocked, id=14100, stack(0x0000007086d00000,0x0000007086e00000) (1024K)]
  0x0000021ac7ce1420 JavaThread "Asynchronous log dispatcher for DefaultDaemonConnection: socket connection from /127.0.0.1:3160 to /127.0.0.1:3161"        [_thread_blocked, id=17664, stack(0x0000007086e00000,0x0000007086f00000) (1024K)]
  0x0000021ac7cddd70 JavaThread "Stdin handler"                     [_thread_blocked, id=24408, stack(0x0000007086f00000,0x0000007087000000) (1024K)]
  0x0000021ac7cde540 JavaThread "Daemon client event forwarder"        [_thread_blocked, id=22924, stack(0x0000007087000000,0x0000007087100000) (1024K)]
  0x0000021ac7ce52a0 JavaThread "Cache worker for journal cache (C:\Users\HP\.gradle\caches\journal-1)"        [_thread_blocked, id=26420, stack(0x0000007087700000,0x0000007087800000) (1024K)]
  0x0000021ac7ce4ad0 JavaThread "File lock request listener"        [_thread_in_native, id=23812, stack(0x0000007087800000,0x0000007087900000) (1024K)]
  0x0000021ac7a39ff0 JavaThread "Cache worker for file hash cache (C:\Users\HP\.gradle\caches\9.3.1\fileHashes)"        [_thread_blocked, id=2020, stack(0x0000007087900000,0x0000007087a00000) (1024K)]
  0x0000021ac7a3a7c0 JavaThread "Cache worker for file hash cache (D:\MCA\Sem 3\Capstone Project\FoodLensApp\android\.gradle\9.3.1\fileHashes)"        [_thread_blocked, id=24068, stack(0x0000007087b00000,0x0000007087c00000) (1024K)]
  0x0000021ac7a3bf30 JavaThread "Cache worker for Build Output Cleanup Cache (D:\MCA\Sem 3\Capstone Project\FoodLensApp\android\.gradle\buildOutputCleanup)"        [_thread_blocked, id=20896, stack(0x0000007087c00000,0x0000007087d00000) (1024K)]
  0x0000021ac7a3b760 JavaThread "File watcher server"        daemon [_thread_in_native, id=25876, stack(0x0000007087d00000,0x0000007087e00000) (1024K)]
  0x0000021ac7a40580 JavaThread "File watcher consumer"      daemon [_thread_blocked, id=26032, stack(0x0000007087e00000,0x0000007087f00000) (1024K)]
  0x0000021ac7a40d50 JavaThread "Cache worker for checksums cache (D:\MCA\Sem 3\Capstone Project\FoodLensApp\android\.gradle\9.3.1\checksums)"        [_thread_blocked, id=23824, stack(0x0000007087f00000,0x0000007088000000) (1024K)]
  0x0000021ac7d88920 JavaThread "Cache worker for file content cache (C:\Users\HP\.gradle\caches\9.3.1\fileContent)"        [_thread_blocked, id=21900, stack(0x0000007088000000,0x0000007088100000) (1024K)]
  0x0000021ac7d88150 JavaThread "Cache worker for cache directory md-supplier (C:\Users\HP\.gradle\caches\9.3.1\md-supplier)"        [_thread_blocked, id=26192, stack(0x0000007088100000,0x0000007088200000) (1024K)]
  0x0000021ac7d8a090 JavaThread "Cache worker for cache directory md-rule (C:\Users\HP\.gradle\caches\9.3.1\md-rule)"        [_thread_blocked, id=21796, stack(0x0000007088200000,0x0000007088300000) (1024K)]
  0x0000021ac7d871b0 JavaThread "jar transforms"                    [_thread_blocked, id=2608, stack(0x0000007088300000,0x0000007088400000) (1024K)]
  0x0000021ac7d8cf70 JavaThread "Cache worker for Build Output Cleanup Cache (D:\MCA\Sem 3\Capstone Project\FoodLensApp\node_modules\@react-native\gradle-plugin\.gradle\buildOutputCleanup)"        [_thread_blocked, id=2316, stack(0x0000007088400000,0x0000007088500000) (1024K)]
  0x0000021ac8de5870 JavaThread "Unconstrained build operations"        [_thread_blocked, id=3556, stack(0x0000007088500000,0x0000007088600000) (1024K)]
  0x0000021ac8de77b0 JavaThread "Unconstrained build operations Thread 2"        [_thread_blocked, id=8532, stack(0x0000007088600000,0x0000007088700000) (1024K)]
  0x0000021ac8de9ec0 JavaThread "Unconstrained build operations Thread 3"        [_thread_blocked, id=25956, stack(0x0000007088700000,0x0000007088800000) (1024K)]
  0x0000021ac8de7f80 JavaThread "Unconstrained build operations Thread 4"        [_thread_blocked, id=20324, stack(0x0000007086600000,0x0000007086700000) (1024K)]
  0x0000021ac8debe00 JavaThread "Unconstrained build operations Thread 5"        [_thread_blocked, id=24836, stack(0x0000007088800000,0x0000007088900000) (1024K)]
  0x0000021ac8deae60 JavaThread "Unconstrained build operations Thread 6"        [_thread_blocked, id=21940, stack(0x0000007088900000,0x0000007088a00000) (1024K)]
  0x0000021ac8decda0 JavaThread "Unconstrained build operations Thread 7"        [_thread_blocked, id=19184, stack(0x0000007088a00000,0x0000007088b00000) (1024K)]
  0x0000021ac7d8b030 JavaThread "Unconstrained build operations Thread 8"        [_thread_blocked, id=22812, stack(0x0000007088b00000,0x0000007088c00000) (1024K)]
  0x0000021ac7e8a310 JavaThread "Unconstrained build operations Thread 9"        [_thread_blocked, id=26456, stack(0x0000007088c00000,0x0000007088d00000) (1024K)]
  0x0000021ac7e88ba0 JavaThread "Unconstrained build operations Thread 10"        [_thread_blocked, id=26096, stack(0x0000007088d00000,0x0000007088e00000) (1024K)]
  0x0000021ac7e89370 JavaThread "Unconstrained build operations Thread 11"        [_thread_blocked, id=21652, stack(0x0000007088e00000,0x0000007088f00000) (1024K)]
  0x0000021ac7e87430 JavaThread "Unconstrained build operations Thread 12"        [_thread_blocked, id=25832, stack(0x0000007088f00000,0x0000007089000000) (1024K)]
  0x0000021ac7e8ca20 JavaThread "Unconstrained build operations Thread 13"        [_thread_blocked, id=20304, stack(0x0000007089000000,0x0000007089100000) (1024K)]
  0x0000021ac7e8e960 JavaThread "Unconstrained build operations Thread 14"        [_thread_blocked, id=26540, stack(0x0000007089100000,0x0000007089200000) (1024K)]
  0x0000021ac7e8ba80 JavaThread "Unconstrained build operations Thread 15"        [_thread_blocked, id=26288, stack(0x0000007089200000,0x0000007089300000) (1024K)]
  0x0000021ac7e8b2b0 JavaThread "Unconstrained build operations Thread 16"        [_thread_blocked, id=8272, stack(0x0000007089300000,0x0000007089400000) (1024K)]
  0x0000021ac6c136c0 JavaThread "Unconstrained build operations Thread 17"        [_thread_blocked, id=8044, stack(0x0000007089400000,0x0000007089500000) (1024K)]
  0x0000021ac6c15dd0 JavaThread "Unconstrained build operations Thread 18"        [_thread_blocked, id=6192, stack(0x0000007089500000,0x0000007089600000) (1024K)]
  0x0000021ac6c12ef0 JavaThread "Unconstrained build operations Thread 19"        [_thread_blocked, id=3396, stack(0x0000007089600000,0x0000007089700000) (1024K)]
  0x0000021ac6c17540 JavaThread "Unconstrained build operations Thread 20"        [_thread_blocked, id=25844, stack(0x0000007089700000,0x0000007089800000) (1024K)]
  0x0000021ac6c184e0 JavaThread "Unconstrained build operations Thread 21"        [_thread_blocked, id=25096, stack(0x0000007089800000,0x0000007089900000) (1024K)]
  0x0000021ac6c17d10 JavaThread "Unconstrained build operations Thread 22"        [_thread_blocked, id=24944, stack(0x0000007089900000,0x0000007089a00000) (1024K)]
  0x0000021ac6c19c50 JavaThread "Unconstrained build operations Thread 23"        [_thread_blocked, id=8964, stack(0x0000007089a00000,0x0000007089b00000) (1024K)]
  0x0000021ac6a797f0 JavaThread "Unconstrained build operations Thread 24"        [_thread_blocked, id=26272, stack(0x0000007089b00000,0x0000007089c00000) (1024K)]
  0x0000021ac6a78850 JavaThread "build event listener"              [_thread_blocked, id=26424, stack(0x0000007089c00000,0x0000007089d00000) (1024K)]
  0x0000021ac6a79fc0 JavaThread "Memory manager"                    [_thread_blocked, id=21996, stack(0x0000007089d00000,0x0000007089e00000) (1024K)]
  0x0000021ac6a7af60 JavaThread "Problems report writer"            [_thread_blocked, id=8120, stack(0x0000007089e00000,0x0000007089f00000) (1024K)]
  0x0000021ac6a7cea0 JavaThread "ForkJoinPool.commonPool-worker-1" daemon [_thread_blocked, id=25476, stack(0x0000007089f00000,0x000000708a000000) (1024K)]
  0x0000021ac6a7d670 JavaThread "ForkJoinPool.commonPool-worker-2" daemon [_thread_blocked, id=18372, stack(0x000000708a000000,0x000000708a100000) (1024K)]
  0x0000021ac6a7e610 JavaThread "ForkJoinPool.commonPool-worker-3" daemon [_thread_blocked, id=11544, stack(0x000000708a100000,0x000000708a200000) (1024K)]
  0x0000021ac6a7bf00 JavaThread "ForkJoinPool.commonPool-worker-4" daemon [_thread_blocked, id=13052, stack(0x000000708a200000,0x000000708a300000) (1024K)]
  0x0000021ac6a7fd80 JavaThread "ForkJoinPool.commonPool-worker-5" daemon [_thread_blocked, id=22664, stack(0x000000708a300000,0x000000708a400000) (1024K)]
  0x0000021ac6a80d20 JavaThread "ForkJoinPool.commonPool-worker-6" daemon [_thread_blocked, id=9184, stack(0x000000708a400000,0x000000708a500000) (1024K)]
  0x0000021ac6a82490 JavaThread "ForkJoinPool.commonPool-worker-7" daemon [_thread_blocked, id=25768, stack(0x000000708a500000,0x000000708a600000) (1024K)]
  0x0000021ac6a83c00 JavaThread "Exec process"               daemon [_thread_blocked, id=17824, stack(0x000000708a600000,0x000000708a700000) (1024K)]
  0x0000021ac6a80550 JavaThread "Exec process Thread 2"      daemon [_thread_blocked, id=26380, stack(0x000000708a700000,0x000000708a800000) (1024K)]
  0x0000021ac6a85370 JavaThread "Exec process Thread 3"      daemon [_thread_blocked, id=21604, stack(0x000000708a800000,0x000000708a900000) (1024K)]
  0x0000021ac6a84ba0 JavaThread "included builds"                   [_thread_blocked, id=4620, stack(0x000000708a900000,0x000000708aa00000) (1024K)]
  0x0000021ac9f3d140 JavaThread "Execution worker"                  [_thread_blocked, id=21920, stack(0x000000708aa00000,0x000000708ab00000) (1024K)]
  0x0000021ac9f3e0e0 JavaThread "Execution worker Thread 2"         [_thread_blocked, id=20068, stack(0x000000708ab00000,0x000000708ac00000) (1024K)]
  0x0000021ac9f3f850 JavaThread "Execution worker Thread 3"         [_thread_blocked, id=5180, stack(0x000000708ac00000,0x000000708ad00000) (1024K)]
  0x0000021ac9f3e8b0 JavaThread "Execution worker Thread 4"         [_thread_blocked, id=26516, stack(0x000000708ad00000,0x000000708ae00000) (1024K)]
  0x0000021ac9f3f080 JavaThread "Execution worker Thread 5"         [_thread_blocked, id=24020, stack(0x000000708ae00000,0x000000708af00000) (1024K)]
  0x0000021ac9f40020 JavaThread "Execution worker Thread 6"         [_thread_blocked, id=26092, stack(0x000000708af00000,0x000000708b000000) (1024K)]
  0x0000021ac9f407f0 JavaThread "Execution worker Thread 7"         [_thread_blocked, id=11396, stack(0x000000708b000000,0x000000708b100000) (1024K)]
  0x0000021ac9f42f00 JavaThread "Cache worker for execution history cache (D:\MCA\Sem 3\Capstone Project\FoodLensApp\node_modules\@react-native\gradle-plugin\.gradle\9.3.1\executionHistory)"        [_thread_blocked, id=25860, stack(0x000000708b100000,0x000000708b200000) (1024K)]
  0x0000021ac9f43ea0 JavaThread "Unconstrained build operations Thread 25"        [_thread_blocked, id=26304, stack(0x000000708b200000,0x000000708b300000) (1024K)]
  0x0000021ac9f484f0 JavaThread "Unconstrained build operations Thread 26"        [_thread_blocked, id=12436, stack(0x000000708b300000,0x000000708b400000) (1024K)]
  0x0000021ac9f47550 JavaThread "Unconstrained build operations Thread 27"        [_thread_blocked, id=22888, stack(0x000000708b400000,0x000000708b500000) (1024K)]
  0x0000021ac9f45610 JavaThread "Unconstrained build operations Thread 28"        [_thread_blocked, id=17660, stack(0x000000708b500000,0x000000708b600000) (1024K)]
  0x0000021ac9f48cc0 JavaThread "Unconstrained build operations Thread 29"        [_thread_blocked, id=23536, stack(0x000000708b600000,0x000000708b700000) (1024K)]
  0x0000021ac9f47d20 JavaThread "Unconstrained build operations Thread 30"        [_thread_blocked, id=12016, stack(0x000000708b700000,0x000000708b800000) (1024K)]
  0x0000021ac9f465b0 JavaThread "Unconstrained build operations Thread 31"        [_thread_blocked, id=26232, stack(0x000000708b800000,0x000000708b900000) (1024K)]
  0x0000021ac9f4ac00 JavaThread "Unconstrained build operations Thread 32"        [_thread_blocked, id=26072, stack(0x000000708b900000,0x000000708ba00000) (1024K)]
  0x0000021ac9f4b3d0 JavaThread "Unconstrained build operations Thread 33"        [_thread_blocked, id=26100, stack(0x000000708ba00000,0x000000708bb00000) (1024K)]
  0x0000021ac939c4e0 JavaThread "Unconstrained build operations Thread 34"        [_thread_blocked, id=8940, stack(0x000000708bb00000,0x000000708bc00000) (1024K)]
  0x0000021ac939b540 JavaThread "Unconstrained build operations Thread 35"        [_thread_blocked, id=17936, stack(0x000000708bc00000,0x000000708bd00000) (1024K)]
  0x0000021ac9399dd0 JavaThread "Unconstrained build operations Thread 36"        [_thread_blocked, id=14484, stack(0x000000708bd00000,0x000000708be00000) (1024K)]
  0x0000021ac939e420 JavaThread "Unconstrained build operations Thread 37"        [_thread_blocked, id=24828, stack(0x000000708be00000,0x000000708bf00000) (1024K)]
  0x0000021ac93a1ad0 JavaThread "Unconstrained build operations Thread 38"        [_thread_blocked, id=17840, stack(0x000000708bf00000,0x000000708c000000) (1024K)]
  0x0000021ac93a2a70 JavaThread "Unconstrained build operations Thread 39"        [_thread_blocked, id=12296, stack(0x000000708c000000,0x000000708c100000) (1024K)]
  0x0000021ac93a0360 JavaThread "Unconstrained build operations Thread 40"        [_thread_blocked, id=25884, stack(0x000000708c100000,0x000000708c200000) (1024K)]
  0x0000021ac939fb90 JavaThread "Unconstrained build operations Thread 41"        [_thread_blocked, id=26152, stack(0x000000708c200000,0x000000708c300000) (1024K)]
  0x0000021ac93a3a10 JavaThread "Unconstrained build operations Thread 42"        [_thread_blocked, id=15976, stack(0x000000708c300000,0x000000708c400000) (1024K)]
  0x0000021ac93a49b0 JavaThread "Unconstrained build operations Thread 43"        [_thread_blocked, id=25964, stack(0x000000708c400000,0x000000708c500000) (1024K)]
  0x0000021ac93a5950 JavaThread "Unconstrained build operations Thread 44"        [_thread_blocked, id=5552, stack(0x000000708c500000,0x000000708c600000) (1024K)]
  0x0000021ac93a8060 JavaThread "Unconstrained build operations Thread 45"        [_thread_blocked, id=21072, stack(0x000000708c600000,0x000000708c700000) (1024K)]
  0x0000021ac93a70c0 JavaThread "Unconstrained build operations Thread 46"        [_thread_blocked, id=26364, stack(0x000000708c700000,0x000000708c800000) (1024K)]
  0x0000021ac93a7890 JavaThread "Unconstrained build operations Thread 47"        [_thread_blocked, id=17476, stack(0x000000708c800000,0x000000708c900000) (1024K)]
  0x0000021ac93a9000 JavaThread "Unconstrained build operations Thread 48"        [_thread_blocked, id=18872, stack(0x000000708c900000,0x000000708ca00000) (1024K)]
  0x0000021aca9b2bd0 JavaThread "Unconstrained build operations Thread 49"        [_thread_blocked, id=20852, stack(0x000000708ca00000,0x000000708cb00000) (1024K)]
  0x0000021aca9b4b10 JavaThread "Unconstrained build operations Thread 50"        [_thread_blocked, id=11592, stack(0x000000708cb00000,0x000000708cc00000) (1024K)]
  0x0000021aca9b6280 JavaThread "Unconstrained build operations Thread 51"        [_thread_blocked, id=24460, stack(0x000000708cc00000,0x000000708cd00000) (1024K)]
  0x0000021aca9b6a50 JavaThread "Unconstrained build operations Thread 52"        [_thread_blocked, id=3956, stack(0x000000708cd00000,0x000000708ce00000) (1024K)]
  0x0000021aca9b7220 JavaThread "Unconstrained build operations Thread 53"        [_thread_blocked, id=6484, stack(0x000000708ce00000,0x000000708cf00000) (1024K)]
  0x0000021aca9bb0a0 JavaThread "Unconstrained build operations Thread 54"        [_thread_blocked, id=26324, stack(0x000000708cf00000,0x000000708d000000) (1024K)]
  0x0000021aca9ba8d0 JavaThread "Unconstrained build operations Thread 55"        [_thread_blocked, id=17696, stack(0x000000708d000000,0x000000708d100000) (1024K)]
  0x0000021aca9b9160 JavaThread "Unconstrained build operations Thread 56"        [_thread_blocked, id=24124, stack(0x000000708d100000,0x000000708d200000) (1024K)]
  0x0000021aca9b81c0 JavaThread "Unconstrained build operations Thread 57"        [_thread_blocked, id=10848, stack(0x000000708d200000,0x000000708d300000) (1024K)]
  0x0000021aca9b9930 JavaThread "Unconstrained build operations Thread 58"        [_thread_blocked, id=17848, stack(0x000000708d300000,0x000000708d400000) (1024K)]
  0x0000021aca9bc810 JavaThread "Unconstrained build operations Thread 59"        [_thread_blocked, id=23848, stack(0x000000708d400000,0x000000708d500000) (1024K)]
  0x0000021aca9bdf80 JavaThread "Unconstrained build operations Thread 60"        [_thread_blocked, id=26620, stack(0x000000708d500000,0x000000708d600000) (1024K)]
  0x0000021aca9bf6f0 JavaThread "Unconstrained build operations Thread 61"        [_thread_blocked, id=21200, stack(0x000000708d600000,0x000000708d700000) (1024K)]
  0x0000021aca9bfec0 JavaThread "Unconstrained build operations Thread 62"        [_thread_blocked, id=12560, stack(0x000000708d700000,0x000000708d800000) (1024K)]
  0x0000021aca9c0690 JavaThread "Unconstrained build operations Thread 63"        [_thread_blocked, id=21088, stack(0x000000708d800000,0x000000708d900000) (1024K)]
  0x0000021aca9c1630 JavaThread "Unconstrained build operations Thread 64"        [_thread_blocked, id=18012, stack(0x000000708d900000,0x000000708da00000) (1024K)]
  0x0000021acaf58b30 JavaThread "Unconstrained build operations Thread 65"        [_thread_blocked, id=908, stack(0x000000708da00000,0x000000708db00000) (1024K)]
  0x0000021acaf57b90 JavaThread "Unconstrained build operations Thread 66"        [_thread_blocked, id=24192, stack(0x000000708db00000,0x000000708dc00000) (1024K)]
  0x0000021acaf56bf0 JavaThread "Unconstrained build operations Thread 67"        [_thread_blocked, id=11012, stack(0x000000708dc00000,0x000000708dd00000) (1024K)]
  0x0000021acaf55c50 JavaThread "Unconstrained build operations Thread 68"        [_thread_blocked, id=9468, stack(0x000000708dd00000,0x000000708de00000) (1024K)]
  0x0000021acaf56420 JavaThread "Unconstrained build operations Thread 69"        [_thread_blocked, id=1588, stack(0x000000708de00000,0x000000708df00000) (1024K)]
  0x0000021acaf5aa70 JavaThread "Unconstrained build operations Thread 70"        [_thread_blocked, id=26564, stack(0x000000708df00000,0x000000708e000000) (1024K)]
  0x0000021acaf5d950 JavaThread "Unconstrained build operations Thread 71"        [_thread_blocked, id=12432, stack(0x000000708e000000,0x000000708e100000) (1024K)]
  0x0000021acaf5e120 JavaThread "Unconstrained build operations Thread 72"        [_thread_blocked, id=24488, stack(0x000000708e100000,0x000000708e200000) (1024K)]
  0x0000021acaf5d180 JavaThread "Unconstrained build operations Thread 73"        [_thread_blocked, id=3316, stack(0x000000708e200000,0x000000708e300000) (1024K)]
  0x0000021acaf5b240 JavaThread "Unconstrained build operations Thread 74"        [_thread_blocked, id=17388, stack(0x000000708e300000,0x000000708e400000) (1024K)]
  0x0000021acaf61000 JavaThread "jar transforms Thread 2"           [_thread_blocked, id=3824, stack(0x000000708e400000,0x000000708e500000) (1024K)]
  0x0000021acaf617d0 JavaThread "jar transforms Thread 3"           [_thread_blocked, id=9264, stack(0x000000708e500000,0x000000708e600000) (1024K)]
  0x0000021acaf5f0c0 JavaThread "Unconstrained build operations Thread 75"        [_thread_blocked, id=5112, stack(0x000000708e600000,0x000000708e700000) (1024K)]
  0x0000021acaf63710 JavaThread "Unconstrained build operations Thread 76"        [_thread_blocked, id=2152, stack(0x000000708e700000,0x000000708e800000) (1024K)]
  0x0000021acaf63ee0 JavaThread "Unconstrained build operations Thread 77"        [_thread_blocked, id=3404, stack(0x000000708e800000,0x000000708e900000) (1024K)]
  0x0000021acaf65e20 JavaThread "Unconstrained build operations Thread 78"        [_thread_blocked, id=19540, stack(0x000000708e900000,0x000000708ea00000) (1024K)]
  0x0000021acaf65650 JavaThread "Unconstrained build operations Thread 79"        [_thread_blocked, id=8624, stack(0x000000708ea00000,0x000000708eb00000) (1024K)]
  0x0000021acaf6a470 JavaThread "Unconstrained build operations Thread 80"        [_thread_blocked, id=19572, stack(0x000000708eb00000,0x000000708ec00000) (1024K)]
  0x0000021acaf60830 JavaThread "jar transforms Thread 4"           [_thread_blocked, id=24888, stack(0x000000708ec00000,0x000000708ed00000) (1024K)]
  0x0000021acaf6b410 JavaThread "jar transforms Thread 5"           [_thread_blocked, id=13120, stack(0x000000708ed00000,0x000000708ee00000) (1024K)]
  0x0000021acaf6f290 JavaThread "jar transforms Thread 6"           [_thread_blocked, id=5724, stack(0x000000708ee00000,0x000000708ef00000) (1024K)]
  0x0000021acaf6eac0 JavaThread "build event listener"              [_thread_blocked, id=26372, stack(0x000000708ef00000,0x000000708f000000) (1024K)]
  0x0000021acaf738e0 JavaThread "jar transforms Thread 7"           [_thread_blocked, id=26312, stack(0x000000708f000000,0x000000708f100000) (1024K)]
  0x0000021acaf74880 JavaThread "jar transforms Thread 8"           [_thread_blocked, id=22988, stack(0x000000708f100000,0x000000708f200000) (1024K)]
  0x0000021ad11207d0 JavaThread "Exec process"                      [_thread_blocked, id=17400, stack(0x000000708f300000,0x000000708f400000) (1024K)]
  0x0000021ad1122710 JavaThread "Exec process Thread 2"             [_thread_blocked, id=14248, stack(0x000000708f400000,0x000000708f500000) (1024K)]
  0x0000021ad111f060 JavaThread "Exec process Thread 3"             [_thread_blocked, id=3928, stack(0x000000708f500000,0x000000708f600000) (1024K)]
  0x0000021acb64d8c0 JavaThread "C2 CompilerThread1"         daemon [_thread_blocked, id=10772, stack(0x000000708f200000,0x000000708f300000) (1024K)]
Total: 148

Other Threads:
=>0x0000021ac1a1ab00 VMThread "VM Thread"                           [id=19144, stack(0x0000007085a00000,0x0000007085b00000) (1024K)]
  0x0000021ac1a0da80 WatcherThread "VM Periodic Task Thread"        [id=26472, stack(0x0000007085900000,0x0000007085a00000) (1024K)]
  0x0000021aa4b2f440 WorkerThread "GC Thread#0"                     [id=19924, stack(0x0000007085400000,0x0000007085500000) (1024K)]
  0x0000021ac6d308b0 WorkerThread "GC Thread#1"                     [id=328, stack(0x0000007086500000,0x0000007086600000) (1024K)]
  0x0000021ac74bea10 WorkerThread "GC Thread#2"                     [id=24740, stack(0x0000007087100000,0x0000007087200000) (1024K)]
  0x0000021ac74bbaa0 WorkerThread "GC Thread#3"                     [id=25176, stack(0x0000007087200000,0x0000007087300000) (1024K)]
  0x0000021ac74bb200 WorkerThread "GC Thread#4"                     [id=18336, stack(0x0000007087300000,0x0000007087400000) (1024K)]
  0x0000021ac74bbef0 WorkerThread "GC Thread#5"                     [id=25628, stack(0x0000007087400000,0x0000007087500000) (1024K)]
  0x0000021ac74bc790 WorkerThread "GC Thread#6"                     [id=15412, stack(0x0000007087500000,0x0000007087600000) (1024K)]
  0x0000021ac74bcbe0 WorkerThread "GC Thread#7"                     [id=9568, stack(0x0000007087600000,0x0000007087700000) (1024K)]
  0x0000021aa4b49400 ConcurrentGCThread "G1 Main Marker"            [id=24584, stack(0x0000007085500000,0x0000007085600000) (1024K)]
  0x0000021aa4b4a740 WorkerThread "G1 Conc#0"                       [id=21836, stack(0x0000007085600000,0x0000007085700000) (1024K)]
  0x0000021ac7a55c00 WorkerThread "G1 Conc#1"                       [id=14352, stack(0x0000007087a00000,0x0000007087b00000) (1024K)]
  0x0000021aa4b8e180 ConcurrentGCThread "G1 Refine#0"               [id=20400, stack(0x0000007085700000,0x0000007085800000) (1024K)]
  0x0000021ac18dc0f0 ConcurrentGCThread "G1 Service"                [id=22672, stack(0x0000007085800000,0x0000007085900000) (1024K)]
Total: 15

Threads with active compile tasks:
Total: 0

VM state: at safepoint (normal execution)

VM Mutex/Monitor currently owned by a thread:  ([mutex/lock_event])
[0x00007ff8a94c94e8] Threads_lock - owner thread: 0x0000021ac1a1ab00
[0x00007ff8a94c9668] Heap_lock - owner thread: 0x0000021aa4b49400

Heap address: 0x0000000080000000, size: 2048 MB, Compressed Oops mode: 32-bit

CDS archive(s) mapped at: [0x000000004b000000-0x000000004bdd0000-0x000000004bdd0000), size 14483456, SharedBaseAddress: 0x000000004b000000, ArchiveRelocationMode: 1.
Compressed class space mapped at: 0x000000004c000000-0x0000000066000000, reserved size: 436207616
UseCompressedClassPointers 1, UseCompactObjectHeaders 0
Narrow klass pointer bits 32, Max shift 3
Narrow klass base: 0x000000004b000000, Narrow klass shift: 0
Encoding Range: [0x000000004b000000 - 0x000000014b000000), (4294967296 bytes)
Klass Range:    [0x000000004b010000 - 0x0000000066000000), (452919296 bytes)
Klass ID Range:  [65536 - 452984825) (452919289)
Protection zone: [0x000000004b000000 - 0x000000004b010000), (65536 bytes)

GC Precious Log:
 CardTable entry size: 512
 Card Set container configuration: InlinePtr #cards 5 size 8 Array Of Cards #cards 10 size 36 Howl #buckets 4 coarsen threshold 1843 Howl Bitmap #cards 512 size 80 coarsen threshold 460 Card regions per heap region 1 cards per card region 2048
 CPUs: 8 total, 8 available
 Memory: 7502M
 Large Page Support: Disabled
 NUMA Support: Disabled
 Compressed Oops: Enabled (32-bit)
 Heap Region Size: 1M
 Heap Min Capacity: 8M
 Heap Initial Capacity: 118M
 Heap Max Capacity: 2G
 Pre-touch: Disabled
 Parallel Workers: 8
 Concurrent Workers: 2
 Concurrent Refinement Workers: 8
 Periodic GC: Disabled

Heap:
 garbage-first heap   total reserved 2097152K, committed 237568K, used 163364K [0x0000000080000000, 0x0000000100000000)
  region size 1024K, 13 young (13312K), 6 survivors (6144K)

Heap Regions: E=young(eden), S=young(survivor), O=old, HS=humongous(starts), HC=humongous(continues), CS=collection set, F=free, TAMS=top-at-mark-start, PB=parsable bottom
|   0|0x0000000080000000, 0x0000000080100000, 0x0000000080100000|100%|HS|  |TAMS 0x0000000080100000| PB 0x0000000080000000| Complete |  0
|   1|0x0000000080100000, 0x0000000080200000, 0x0000000080200000|100%|HC|  |TAMS 0x0000000080200000| PB 0x0000000080100000| Complete |  0
|   2|0x0000000080200000, 0x0000000080300000, 0x0000000080300000|100%|HC|  |TAMS 0x0000000080300000| PB 0x0000000080200000| Complete |  0
|   3|0x0000000080300000, 0x0000000080400000, 0x0000000080400000|100%|HC|  |TAMS 0x0000000080400000| PB 0x0000000080300000| Complete |  0
|   4|0x0000000080400000, 0x0000000080500000, 0x0000000080500000|100%| O|  |TAMS 0x0000000080500000| PB 0x0000000080500000| Untracked |  0
|   5|0x0000000080500000, 0x0000000080600000, 0x0000000080600000|100%|HS|  |TAMS 0x0000000080600000| PB 0x0000000080500000| Complete |  0
|   6|0x0000000080600000, 0x0000000080700000, 0x0000000080700000|100%| O|  |TAMS 0x0000000080700000| PB 0x0000000080700000| Untracked |  0
|   7|0x0000000080700000, 0x0000000080800000, 0x0000000080800000|100%| O|  |TAMS 0x0000000080800000| PB 0x0000000080800000| Untracked |  0
|   8|0x0000000080800000, 0x0000000080900000, 0x0000000080900000|100%| O|  |TAMS 0x0000000080900000| PB 0x0000000080900000| Untracked |  0
|   9|0x0000000080900000, 0x0000000080a00000, 0x0000000080a00000|100%| O|  |TAMS 0x0000000080a00000| PB 0x0000000080a00000| Untracked |  0
|  10|0x0000000080a00000, 0x0000000080b00000, 0x0000000080b00000|100%| O|  |TAMS 0x0000000080b00000| PB 0x0000000080b00000| Untracked |  0
|  11|0x0000000080b00000, 0x0000000080c00000, 0x0000000080c00000|100%| O|  |TAMS 0x0000000080c00000| PB 0x0000000080c00000| Untracked |  0
|  12|0x0000000080c00000, 0x0000000080d00000, 0x0000000080d00000|100%| O|  |TAMS 0x0000000080d00000| PB 0x0000000080d00000| Untracked |  0
|  13|0x0000000080d00000, 0x0000000080e00000, 0x0000000080e00000|100%| O|  |TAMS 0x0000000080e00000| PB 0x0000000080e00000| Untracked |  0
|  14|0x0000000080e00000, 0x0000000080f00000, 0x0000000080f00000|100%| O|  |TAMS 0x0000000080f00000| PB 0x0000000080f00000| Untracked |  0
|  15|0x0000000080f00000, 0x0000000081000000, 0x0000000081000000|100%| O|  |TAMS 0x0000000081000000| PB 0x0000000081000000| Untracked |  0
|  16|0x0000000081000000, 0x0000000081100000, 0x0000000081100000|100%| O|  |TAMS 0x0000000081100000| PB 0x0000000081100000| Untracked |  0
|  17|0x0000000081100000, 0x0000000081200000, 0x0000000081200000|100%| O|  |TAMS 0x0000000081200000| PB 0x0000000081200000| Untracked |  0
|  18|0x0000000081200000, 0x0000000081300000, 0x0000000081300000|100%| O|  |TAMS 0x0000000081300000| PB 0x0000000081300000| Untracked |  0
|  19|0x0000000081300000, 0x0000000081400000, 0x0000000081400000|100%| O|  |TAMS 0x0000000081400000| PB 0x0000000081400000| Untracked |  0
|  20|0x0000000081400000, 0x0000000081500000, 0x0000000081500000|100%| O|  |TAMS 0x0000000081500000| PB 0x0000000081500000| Untracked |  0
|  21|0x0000000081500000, 0x0000000081600000, 0x0000000081600000|100%| O|  |TAMS 0x0000000081600000| PB 0x0000000081600000| Untracked |  0
|  22|0x0000000081600000, 0x0000000081700000, 0x0000000081700000|100%| O|  |TAMS 0x0000000081700000| PB 0x0000000081700000| Untracked |  0
|  23|0x0000000081700000, 0x0000000081800000, 0x0000000081800000|100%| O|  |TAMS 0x0000000081800000| PB 0x0000000081800000| Untracked |  0
|  24|0x0000000081800000, 0x0000000081900000, 0x0000000081900000|100%| O|  |TAMS 0x0000000081900000| PB 0x0000000081900000| Untracked |  0
|  25|0x0000000081900000, 0x0000000081a00000, 0x0000000081a00000|100%| O|  |TAMS 0x0000000081a00000| PB 0x0000000081a00000| Untracked |  0
|  26|0x0000000081a00000, 0x0000000081b00000, 0x0000000081b00000|100%| O|  |TAMS 0x0000000081b00000| PB 0x0000000081b00000| Untracked |  0
|  27|0x0000000081b00000, 0x0000000081c00000, 0x0000000081c00000|100%| O|  |TAMS 0x0000000081c00000| PB 0x0000000081c00000| Untracked |  0
|  28|0x0000000081c00000, 0x0000000081d00000, 0x0000000081d00000|100%| O|  |TAMS 0x0000000081d00000| PB 0x0000000081d00000| Untracked |  0
|  29|0x0000000081d00000, 0x0000000081e00000, 0x0000000081e00000|100%| O|  |TAMS 0x0000000081e00000| PB 0x0000000081e00000| Untracked |  0
|  30|0x0000000081e00000, 0x0000000081f00000, 0x0000000081f00000|100%| O|  |TAMS 0x0000000081f00000| PB 0x0000000081f00000| Untracked |  0
|  31|0x0000000081f00000, 0x0000000082000000, 0x0000000082000000|100%| O|  |TAMS 0x0000000082000000| PB 0x0000000082000000| Untracked |  0
|  32|0x0000000082000000, 0x0000000082100000, 0x0000000082100000|100%|HS|  |TAMS 0x0000000082100000| PB 0x0000000082000000| Complete |  0
|  33|0x0000000082100000, 0x0000000082200000, 0x0000000082200000|100%|HC|  |TAMS 0x0000000082200000| PB 0x0000000082100000| Complete |  0
|  34|0x0000000082200000, 0x0000000082300000, 0x0000000082300000|100%|HC|  |TAMS 0x0000000082300000| PB 0x0000000082200000| Complete |  0
|  35|0x0000000082300000, 0x0000000082400000, 0x0000000082400000|100%|HS|  |TAMS 0x0000000082400000| PB 0x0000000082300000| Complete |  0
|  36|0x0000000082400000, 0x0000000082500000, 0x0000000082500000|100%|HC|  |TAMS 0x0000000082500000| PB 0x0000000082400000| Complete |  0
|  37|0x0000000082500000, 0x0000000082600000, 0x0000000082600000|100%|HC|  |TAMS 0x0000000082600000| PB 0x0000000082500000| Complete |  0
|  38|0x0000000082600000, 0x0000000082700000, 0x0000000082700000|100%| O|  |TAMS 0x0000000082700000| PB 0x0000000082700000| Untracked |  0
|  39|0x0000000082700000, 0x0000000082800000, 0x0000000082800000|100%| O|  |TAMS 0x0000000082800000| PB 0x0000000082800000| Untracked |  0
|  40|0x0000000082800000, 0x0000000082900000, 0x0000000082900000|100%| O|  |TAMS 0x0000000082900000| PB 0x0000000082900000| Untracked |  0
|  41|0x0000000082900000, 0x0000000082a00000, 0x0000000082a00000|100%| O|  |TAMS 0x0000000082a00000| PB 0x0000000082a00000| Untracked |  0
|  42|0x0000000082a00000, 0x0000000082b00000, 0x0000000082b00000|100%| O|  |TAMS 0x0000000082b00000| PB 0x0000000082b00000| Untracked |  0
|  43|0x0000000082b00000, 0x0000000082c00000, 0x0000000082c00000|100%| O|  |TAMS 0x0000000082c00000| PB 0x0000000082c00000| Untracked |  0
|  44|0x0000000082c00000, 0x0000000082d00000, 0x0000000082d00000|100%| O|  |TAMS 0x0000000082d00000| PB 0x0000000082d00000| Untracked |  0
|  45|0x0000000082d00000, 0x0000000082e00000, 0x0000000082e00000|100%| O|  |TAMS 0x0000000082e00000| PB 0x0000000082e00000| Untracked |  0
|  46|0x0000000082e00000, 0x0000000082f00000, 0x0000000082f00000|100%| O|  |TAMS 0x0000000082f00000| PB 0x0000000082f00000| Untracked |  0
|  47|0x0000000082f00000, 0x0000000083000000, 0x0000000083000000|100%| O|  |TAMS 0x0000000083000000| PB 0x0000000083000000| Untracked |  0
|  48|0x0000000083000000, 0x0000000083100000, 0x0000000083100000|100%| O|  |TAMS 0x0000000083100000| PB 0x0000000083100000| Untracked |  0
|  49|0x0000000083100000, 0x0000000083200000, 0x0000000083200000|100%| O|  |TAMS 0x0000000083200000| PB 0x0000000083200000| Untracked |  0
|  50|0x0000000083200000, 0x0000000083300000, 0x0000000083300000|100%| O|  |TAMS 0x0000000083300000| PB 0x0000000083300000| Untracked |  0
|  51|0x0000000083300000, 0x0000000083400000, 0x0000000083400000|100%| O|  |TAMS 0x0000000083400000| PB 0x0000000083400000| Untracked |  0
|  52|0x0000000083400000, 0x0000000083500000, 0x0000000083500000|100%| O|  |TAMS 0x0000000083500000| PB 0x0000000083500000| Untracked |  0
|  53|0x0000000083500000, 0x0000000083600000, 0x0000000083600000|100%| O|  |TAMS 0x0000000083600000| PB 0x0000000083600000| Untracked |  0
|  54|0x0000000083600000, 0x0000000083700000, 0x0000000083700000|100%| O|  |TAMS 0x0000000083700000| PB 0x0000000083700000| Untracked |  0
|  55|0x0000000083700000, 0x0000000083800000, 0x0000000083800000|100%| O|  |TAMS 0x0000000083800000| PB 0x0000000083800000| Untracked |  0
|  56|0x0000000083800000, 0x0000000083900000, 0x0000000083900000|100%| O|  |TAMS 0x0000000083900000| PB 0x0000000083900000| Untracked |  0
|  57|0x0000000083900000, 0x0000000083a00000, 0x0000000083a00000|100%| O|  |TAMS 0x0000000083a00000| PB 0x0000000083a00000| Untracked |  0
|  58|0x0000000083a00000, 0x0000000083b00000, 0x0000000083b00000|100%| O|  |TAMS 0x0000000083b00000| PB 0x0000000083b00000| Untracked |  0
|  59|0x0000000083b00000, 0x0000000083c00000, 0x0000000083c00000|100%| O|  |TAMS 0x0000000083c00000| PB 0x0000000083c00000| Untracked |  0
|  60|0x0000000083c00000, 0x0000000083d00000, 0x0000000083d00000|100%| O|  |TAMS 0x0000000083d00000| PB 0x0000000083d00000| Untracked |  0
|  61|0x0000000083d00000, 0x0000000083e00000, 0x0000000083e00000|100%| O|  |TAMS 0x0000000083e00000| PB 0x0000000083e00000| Untracked |  0
|  62|0x0000000083e00000, 0x0000000083f00000, 0x0000000083f00000|100%| O|  |TAMS 0x0000000083f00000| PB 0x0000000083f00000| Untracked |  0
|  63|0x0000000083f00000, 0x0000000084000000, 0x0000000084000000|100%| O|  |TAMS 0x0000000084000000| PB 0x0000000084000000| Untracked |  0
|  64|0x0000000084000000, 0x0000000084100000, 0x0000000084100000|100%| O|  |TAMS 0x0000000084100000| PB 0x0000000084100000| Untracked |  0
|  65|0x0000000084100000, 0x0000000084200000, 0x0000000084200000|100%| O|  |TAMS 0x0000000084200000| PB 0x0000000084200000| Untracked |  0
|  66|0x0000000084200000, 0x0000000084300000, 0x0000000084300000|100%|HS|  |TAMS 0x0000000084300000| PB 0x0000000084200000| Complete |  0
|  67|0x0000000084300000, 0x0000000084400000, 0x0000000084400000|100%|HS|  |TAMS 0x0000000084400000| PB 0x0000000084300000| Complete |  0
|  68|0x0000000084400000, 0x0000000084500000, 0x0000000084500000|100%|HS|  |TAMS 0x0000000084500000| PB 0x0000000084400000| Complete |  0
|  69|0x0000000084500000, 0x0000000084600000, 0x0000000084600000|100%|HS|  |TAMS 0x0000000084600000| PB 0x0000000084500000| Complete |  0
|  70|0x0000000084600000, 0x0000000084700000, 0x0000000084700000|100%| O|  |TAMS 0x0000000084700000| PB 0x0000000084700000| Untracked |  0
|  71|0x0000000084700000, 0x0000000084800000, 0x0000000084800000|100%|HS|  |TAMS 0x0000000084800000| PB 0x0000000084700000| Complete |  0
|  72|0x0000000084800000, 0x0000000084900000, 0x0000000084900000|100%| O|  |TAMS 0x0000000084900000| PB 0x0000000084900000| Untracked |  0
|  73|0x0000000084900000, 0x0000000084a00000, 0x0000000084a00000|100%| O|  |TAMS 0x0000000084a00000| PB 0x0000000084a00000| Untracked |  0
|  74|0x0000000084a00000, 0x0000000084b00000, 0x0000000084b00000|100%| O|  |TAMS 0x0000000084b00000| PB 0x0000000084b00000| Untracked |  0
|  75|0x0000000084b00000, 0x0000000084c00000, 0x0000000084c00000|100%| O|  |TAMS 0x0000000084c00000| PB 0x0000000084c00000| Untracked |  0
|  76|0x0000000084c00000, 0x0000000084d00000, 0x0000000084d00000|100%|HS|  |TAMS 0x0000000084d00000| PB 0x0000000084c00000| Complete |  0
|  77|0x0000000084d00000, 0x0000000084e00000, 0x0000000084e00000|100%| O|  |TAMS 0x0000000084e00000| PB 0x0000000084e00000| Untracked |  0
|  78|0x0000000084e00000, 0x0000000084f00000, 0x0000000084f00000|100%| O|  |TAMS 0x0000000084f00000| PB 0x0000000084f00000| Untracked |  0
|  79|0x0000000084f00000, 0x0000000085000000, 0x0000000085000000|100%| O|  |TAMS 0x0000000085000000| PB 0x0000000085000000| Untracked |  0
|  80|0x0000000085000000, 0x0000000085100000, 0x0000000085100000|100%| O|  |TAMS 0x0000000085100000| PB 0x0000000085100000| Untracked |  0
|  81|0x0000000085100000, 0x0000000085200000, 0x0000000085200000|100%|HS|  |TAMS 0x0000000085200000| PB 0x0000000085100000| Complete |  0
|  82|0x0000000085200000, 0x0000000085300000, 0x0000000085300000|100%|HC|  |TAMS 0x0000000085300000| PB 0x0000000085200000| Complete |  0
|  83|0x0000000085300000, 0x0000000085400000, 0x0000000085400000|100%|HC|  |TAMS 0x0000000085400000| PB 0x0000000085300000| Complete |  0
|  84|0x0000000085400000, 0x0000000085500000, 0x0000000085500000|100%|HS|  |TAMS 0x0000000085500000| PB 0x0000000085400000| Complete |  0
|  85|0x0000000085500000, 0x0000000085600000, 0x0000000085600000|100%| O|  |TAMS 0x0000000085600000| PB 0x0000000085600000| Untracked |  0
|  86|0x0000000085600000, 0x0000000085700000, 0x0000000085700000|100%| O|  |TAMS 0x0000000085700000| PB 0x0000000085700000| Untracked |  0
|  87|0x0000000085700000, 0x0000000085800000, 0x0000000085800000|100%| O|  |TAMS 0x0000000085800000| PB 0x0000000085800000| Untracked |  0
|  88|0x0000000085800000, 0x0000000085900000, 0x0000000085900000|100%| O|  |TAMS 0x0000000085900000| PB 0x0000000085900000| Untracked |  0
|  89|0x0000000085900000, 0x0000000085a00000, 0x0000000085a00000|100%| O|  |TAMS 0x0000000085a00000| PB 0x0000000085a00000| Untracked |  0
|  90|0x0000000085a00000, 0x0000000085b00000, 0x0000000085b00000|100%| O|  |TAMS 0x0000000085b00000| PB 0x0000000085b00000| Untracked |  0
|  91|0x0000000085b00000, 0x0000000085c00000, 0x0000000085c00000|100%| O|  |TAMS 0x0000000085c00000| PB 0x0000000085c00000| Untracked |  0
|  92|0x0000000085c00000, 0x0000000085d00000, 0x0000000085d00000|100%| O|  |TAMS 0x0000000085d00000| PB 0x0000000085d00000| Untracked |  0
|  93|0x0000000085d00000, 0x0000000085e00000, 0x0000000085e00000|100%| O|  |TAMS 0x0000000085e00000| PB 0x0000000085e00000| Untracked |  0
|  94|0x0000000085e00000, 0x0000000085f00000, 0x0000000085f00000|100%| O|  |TAMS 0x0000000085e00000| PB 0x0000000085e00000| Untracked |  0
|  95|0x0000000085f00000, 0x0000000086000000, 0x0000000086000000|100%| O|  |TAMS 0x0000000086000000| PB 0x0000000086000000| Untracked |  0
|  96|0x0000000086000000, 0x0000000086100000, 0x0000000086100000|100%| O|  |TAMS 0x0000000086100000| PB 0x0000000086100000| Untracked |  0
|  97|0x0000000086100000, 0x0000000086200000, 0x0000000086200000|100%|HS|  |TAMS 0x0000000086200000| PB 0x0000000086100000| Complete |  0
|  98|0x0000000086200000, 0x0000000086300000, 0x0000000086300000|100%| O|  |TAMS 0x0000000086300000| PB 0x0000000086300000| Untracked |  0
|  99|0x0000000086300000, 0x0000000086400000, 0x0000000086400000|100%| O|  |TAMS 0x0000000086400000| PB 0x0000000086400000| Untracked |  0
| 100|0x0000000086400000, 0x0000000086500000, 0x0000000086500000|100%| O|  |TAMS 0x0000000086500000| PB 0x0000000086500000| Untracked |  0
| 101|0x0000000086500000, 0x0000000086600000, 0x0000000086600000|100%| O|  |TAMS 0x0000000086600000| PB 0x0000000086600000| Untracked |  0
| 102|0x0000000086600000, 0x0000000086700000, 0x0000000086700000|100%| O|  |TAMS 0x0000000086700000| PB 0x0000000086700000| Untracked |  0
| 103|0x0000000086700000, 0x0000000086800000, 0x0000000086800000|100%| O|  |TAMS 0x0000000086800000| PB 0x0000000086800000| Untracked |  0
| 104|0x0000000086800000, 0x0000000086900000, 0x0000000086900000|100%| O|  |TAMS 0x0000000086900000| PB 0x0000000086900000| Untracked |  0
| 105|0x0000000086900000, 0x0000000086a00000, 0x0000000086a00000|100%| O|  |TAMS 0x0000000086a00000| PB 0x0000000086a00000| Untracked |  0
| 106|0x0000000086a00000, 0x0000000086b00000, 0x0000000086b00000|100%| O|  |TAMS 0x0000000086b00000| PB 0x0000000086b00000| Untracked |  0
| 107|0x0000000086b00000, 0x0000000086c00000, 0x0000000086c00000|100%| O|  |TAMS 0x0000000086c00000| PB 0x0000000086c00000| Untracked |  0
| 108|0x0000000086c00000, 0x0000000086d00000, 0x0000000086d00000|100%| O|  |TAMS 0x0000000086d00000| PB 0x0000000086d00000| Untracked |  0
| 109|0x0000000086d00000, 0x0000000086e00000, 0x0000000086e00000|100%| O|  |TAMS 0x0000000086e00000| PB 0x0000000086e00000| Untracked |  0
| 110|0x0000000086e00000, 0x0000000086f00000, 0x0000000086f00000|100%|HS|  |TAMS 0x0000000086f00000| PB 0x0000000086e00000| Complete |  0
| 111|0x0000000086f00000, 0x0000000087000000, 0x0000000087000000|100%| O|  |TAMS 0x0000000087000000| PB 0x0000000087000000| Untracked |  0
| 112|0x0000000087000000, 0x0000000087100000, 0x0000000087100000|100%| O|  |TAMS 0x0000000087000000| PB 0x0000000087000000| Untracked |  0
| 113|0x0000000087100000, 0x0000000087200000, 0x0000000087200000|100%| O|  |TAMS 0x0000000087200000| PB 0x0000000087200000| Untracked |  0
| 114|0x0000000087200000, 0x0000000087300000, 0x0000000087300000|100%| O|  |TAMS 0x0000000087300000| PB 0x0000000087300000| Untracked |  0
| 115|0x0000000087300000, 0x0000000087400000, 0x0000000087400000|100%|HS|  |TAMS 0x0000000087400000| PB 0x0000000087300000| Complete |  0
| 116|0x0000000087400000, 0x0000000087500000, 0x0000000087500000|100%|HC|  |TAMS 0x0000000087500000| PB 0x0000000087400000| Complete |  0
| 117|0x0000000087500000, 0x0000000087600000, 0x0000000087600000|100%| O|  |TAMS 0x0000000087600000| PB 0x0000000087600000| Untracked |  0
| 118|0x0000000087600000, 0x0000000087700000, 0x0000000087700000|100%| O|  |TAMS 0x0000000087700000| PB 0x0000000087700000| Untracked |  0
| 119|0x0000000087700000, 0x0000000087800000, 0x0000000087800000|100%| O|  |TAMS 0x0000000087800000| PB 0x0000000087800000| Untracked |  0
| 120|0x0000000087800000, 0x0000000087900000, 0x0000000087900000|100%| O|  |TAMS 0x0000000087800000| PB 0x0000000087800000| Untracked |  0
| 121|0x0000000087900000, 0x0000000087a00000, 0x0000000087a00000|100%| O|Cm|TAMS 0x0000000087a00000| PB 0x0000000087a00000| Updating |  0
| 122|0x0000000087a00000, 0x0000000087b00000, 0x0000000087b00000|100%| O|  |TAMS 0x0000000087b00000| PB 0x0000000087b00000| Untracked |  0
| 123|0x0000000087b00000, 0x0000000087c00000, 0x0000000087c00000|100%| O|  |TAMS 0x0000000087c00000| PB 0x0000000087c00000| Untracked |  0
| 124|0x0000000087c00000, 0x0000000087d00000, 0x0000000087d00000|100%| O|  |TAMS 0x0000000087d00000| PB 0x0000000087d00000| Untracked |  0
| 125|0x0000000087d00000, 0x0000000087e00000, 0x0000000087e00000|100%| O|  |TAMS 0x0000000087e00000| PB 0x0000000087e00000| Untracked |  0
| 126|0x0000000087e00000, 0x0000000087f00000, 0x0000000087f00000|100%| O|  |TAMS 0x0000000087f00000| PB 0x0000000087f00000| Untracked |  0
| 127|0x0000000087f00000, 0x0000000088000000, 0x0000000088000000|100%| O|  |TAMS 0x0000000088000000| PB 0x0000000088000000| Untracked |  0
| 128|0x0000000088000000, 0x0000000088100000, 0x0000000088100000|100%| O|  |TAMS 0x0000000088100000| PB 0x0000000088100000| Untracked |  0
| 129|0x0000000088100000, 0x0000000088200000, 0x0000000088200000|100%| O|  |TAMS 0x0000000088200000| PB 0x0000000088200000| Untracked |  0
| 130|0x0000000088200000, 0x0000000088300000, 0x0000000088300000|100%| O|Cm|TAMS 0x0000000088300000| PB 0x0000000088300000| Updating |  0
| 131|0x0000000088300000, 0x0000000088400000, 0x0000000088400000|100%| O|  |TAMS 0x0000000088400000| PB 0x0000000088400000| Untracked |  0
| 132|0x0000000088400000, 0x0000000088500000, 0x0000000088500000|100%| O|  |TAMS 0x0000000088500000| PB 0x0000000088500000| Untracked |  0
| 133|0x0000000088500000, 0x0000000088600000, 0x0000000088600000|100%| O|  |TAMS 0x0000000088600000| PB 0x0000000088600000| Untracked |  0
| 134|0x0000000088600000, 0x0000000088700000, 0x0000000088700000|100%| O|  |TAMS 0x0000000088700000| PB 0x0000000088700000| Untracked |  0
| 135|0x0000000088700000, 0x0000000088800000, 0x0000000088800000|100%| O|Cm|TAMS 0x00000000887feb80| PB 0x00000000887feb80| Updating |  0
| 136|0x0000000088800000, 0x0000000088900000, 0x0000000088900000|100%| O|  |TAMS 0x0000000088800000| PB 0x0000000088800000| Untracked |  0
| 137|0x0000000088900000, 0x0000000088a00000, 0x0000000088a00000|100%| O|  |TAMS 0x0000000088900000| PB 0x0000000088900000| Untracked |  0
| 138|0x0000000088a00000, 0x0000000088b00000, 0x0000000088b00000|100%| O|  |TAMS 0x0000000088a00000| PB 0x0000000088a00000| Untracked |  0
| 139|0x0000000088b00000, 0x0000000088b68940, 0x0000000088c00000| 40%| O|  |TAMS 0x0000000088b00000| PB 0x0000000088b00000| Untracked |  0
| 140|0x0000000088c00000, 0x0000000088c00000, 0x0000000088d00000|  0%| F|  |TAMS 0x0000000088c00000| PB 0x0000000088c00000| Untracked |  0
| 141|0x0000000088d00000, 0x0000000088d00000, 0x0000000088e00000|  0%| F|  |TAMS 0x0000000088d00000| PB 0x0000000088d00000| Untracked |  0
| 142|0x0000000088e00000, 0x0000000088e00000, 0x0000000088f00000|  0%| F|  |TAMS 0x0000000088e00000| PB 0x0000000088e00000| Untracked |  0
| 143|0x0000000088f00000, 0x0000000088f00000, 0x0000000089000000|  0%| F|  |TAMS 0x0000000088f00000| PB 0x0000000088f00000| Untracked |  0
| 144|0x0000000089000000, 0x0000000089000000, 0x0000000089100000|  0%| F|  |TAMS 0x0000000089000000| PB 0x0000000089000000| Untracked |  0
| 145|0x0000000089100000, 0x0000000089100000, 0x0000000089200000|  0%| F|  |TAMS 0x0000000089100000| PB 0x0000000089100000| Untracked |  0
| 146|0x0000000089200000, 0x0000000089200000, 0x0000000089300000|  0%| F|  |TAMS 0x0000000089200000| PB 0x0000000089200000| Untracked |  0
| 147|0x0000000089300000, 0x0000000089300000, 0x0000000089400000|  0%| F|  |TAMS 0x0000000089300000| PB 0x0000000089300000| Untracked |  0
| 148|0x0000000089400000, 0x0000000089400000, 0x0000000089500000|  0%| F|  |TAMS 0x0000000089400000| PB 0x0000000089400000| Untracked |  0
| 149|0x0000000089500000, 0x0000000089500000, 0x0000000089600000|  0%| F|  |TAMS 0x0000000089500000| PB 0x0000000089500000| Untracked |  0
| 150|0x0000000089600000, 0x0000000089600000, 0x0000000089700000|  0%| F|  |TAMS 0x0000000089600000| PB 0x0000000089600000| Untracked |  0
| 151|0x0000000089700000, 0x0000000089700000, 0x0000000089800000|  0%| F|  |TAMS 0x0000000089700000| PB 0x0000000089700000| Untracked |  0
| 152|0x0000000089800000, 0x0000000089800000, 0x0000000089900000|  0%| F|  |TAMS 0x0000000089800000| PB 0x0000000089800000| Untracked |  0
| 153|0x0000000089900000, 0x0000000089900000, 0x0000000089a00000|  0%| F|  |TAMS 0x0000000089900000| PB 0x0000000089900000| Untracked |  0
| 154|0x0000000089a00000, 0x0000000089a00000, 0x0000000089b00000|  0%| F|  |TAMS 0x0000000089a00000| PB 0x0000000089a00000| Untracked |  0
| 155|0x0000000089b00000, 0x0000000089b00000, 0x0000000089c00000|  0%| F|  |TAMS 0x0000000089b00000| PB 0x0000000089b00000| Untracked |  0
| 156|0x0000000089c00000, 0x0000000089c00000, 0x0000000089d00000|  0%| F|  |TAMS 0x0000000089c00000| PB 0x0000000089c00000| Untracked |  0
| 157|0x0000000089d00000, 0x0000000089d00000, 0x0000000089e00000|  0%| F|  |TAMS 0x0000000089d00000| PB 0x0000000089d00000| Untracked |  0
| 158|0x0000000089e00000, 0x0000000089e00000, 0x0000000089f00000|  0%| F|  |TAMS 0x0000000089e00000| PB 0x0000000089e00000| Untracked |  0
| 159|0x0000000089f00000, 0x0000000089f00000, 0x000000008a000000|  0%| F|  |TAMS 0x0000000089f00000| PB 0x0000000089f00000| Untracked |  0
| 160|0x000000008a000000, 0x000000008a000000, 0x000000008a100000|  0%| F|  |TAMS 0x000000008a000000| PB 0x000000008a000000| Untracked |  0
| 161|0x000000008a100000, 0x000000008a100000, 0x000000008a200000|  0%| F|  |TAMS 0x000000008a100000| PB 0x000000008a100000| Untracked |  0
| 162|0x000000008a200000, 0x000000008a200000, 0x000000008a300000|  0%| F|  |TAMS 0x000000008a200000| PB 0x000000008a200000| Untracked |  0
| 163|0x000000008a300000, 0x000000008a300000, 0x000000008a400000|  0%| F|  |TAMS 0x000000008a300000| PB 0x000000008a300000| Untracked |  0
| 164|0x000000008a400000, 0x000000008a400000, 0x000000008a500000|  0%| F|  |TAMS 0x000000008a400000| PB 0x000000008a400000| Untracked |  0
| 165|0x000000008a500000, 0x000000008a500000, 0x000000008a600000|  0%| F|  |TAMS 0x000000008a500000| PB 0x000000008a500000| Untracked |  0
| 166|0x000000008a600000, 0x000000008a600000, 0x000000008a700000|  0%| F|  |TAMS 0x000000008a600000| PB 0x000000008a600000| Untracked |  0
| 167|0x000000008a700000, 0x000000008a700000, 0x000000008a800000|  0%| F|  |TAMS 0x000000008a700000| PB 0x000000008a700000| Untracked |  0
| 168|0x000000008a800000, 0x000000008a820860, 0x000000008a900000| 12%| S|CS|TAMS 0x000000008a800000| PB 0x000000008a800000| Complete |  0
| 169|0x000000008a900000, 0x000000008aa00000, 0x000000008aa00000|100%| S|CS|TAMS 0x000000008a900000| PB 0x000000008a900000| Complete |  0
| 170|0x000000008aa00000, 0x000000008aa00000, 0x000000008ab00000|  0%| F|  |TAMS 0x000000008aa00000| PB 0x000000008aa00000| Untracked |  0
| 171|0x000000008ab00000, 0x000000008ab00000, 0x000000008ac00000|  0%| F|  |TAMS 0x000000008ab00000| PB 0x000000008ab00000| Untracked |  0
| 172|0x000000008ac00000, 0x000000008ac00000, 0x000000008ad00000|  0%| F|  |TAMS 0x000000008ac00000| PB 0x000000008ac00000| Untracked |  0
| 173|0x000000008ad00000, 0x000000008ad00000, 0x000000008ae00000|  0%| F|  |TAMS 0x000000008ad00000| PB 0x000000008ad00000| Untracked |  0
| 174|0x000000008ae00000, 0x000000008ae00000, 0x000000008af00000|  0%| F|  |TAMS 0x000000008ae00000| PB 0x000000008ae00000| Untracked |  0
| 175|0x000000008af00000, 0x000000008af00000, 0x000000008b000000|  0%| F|  |TAMS 0x000000008af00000| PB 0x000000008af00000| Untracked |  0
| 176|0x000000008b000000, 0x000000008b100000, 0x000000008b100000|100%| S|CS|TAMS 0x000000008b000000| PB 0x000000008b000000| Complete |  0
| 177|0x000000008b100000, 0x000000008b200000, 0x000000008b200000|100%| S|CS|TAMS 0x000000008b100000| PB 0x000000008b100000| Complete |  0
| 178|0x000000008b200000, 0x000000008b300000, 0x000000008b300000|100%| S|CS|TAMS 0x000000008b200000| PB 0x000000008b200000| Complete |  0
| 179|0x000000008b300000, 0x000000008b400000, 0x000000008b400000|100%| S|CS|TAMS 0x000000008b300000| PB 0x000000008b300000| Complete |  0
| 180|0x000000008b400000, 0x000000008b400000, 0x000000008b500000|  0%| F|  |TAMS 0x000000008b400000| PB 0x000000008b400000| Untracked |  0
| 181|0x000000008b500000, 0x000000008b500000, 0x000000008b600000|  0%| F|  |TAMS 0x000000008b500000| PB 0x000000008b500000| Untracked |  0
| 182|0x000000008b600000, 0x000000008b600000, 0x000000008b700000|  0%| F|  |TAMS 0x000000008b600000| PB 0x000000008b600000| Untracked |  0
| 183|0x000000008b700000, 0x000000008b700000, 0x000000008b800000|  0%| F|  |TAMS 0x000000008b700000| PB 0x000000008b700000| Untracked |  0
| 184|0x000000008b800000, 0x000000008b800000, 0x000000008b900000|  0%| F|  |TAMS 0x000000008b800000| PB 0x000000008b800000| Untracked |  0
| 185|0x000000008b900000, 0x000000008b900000, 0x000000008ba00000|  0%| F|  |TAMS 0x000000008b900000| PB 0x000000008b900000| Untracked |  0
| 186|0x000000008ba00000, 0x000000008ba00000, 0x000000008bb00000|  0%| F|  |TAMS 0x000000008ba00000| PB 0x000000008ba00000| Untracked |  0
| 187|0x000000008bb00000, 0x000000008bb00000, 0x000000008bc00000|  0%| F|  |TAMS 0x000000008bb00000| PB 0x000000008bb00000| Untracked |  0
| 188|0x000000008bc00000, 0x000000008bc00000, 0x000000008bd00000|  0%| F|  |TAMS 0x000000008bc00000| PB 0x000000008bc00000| Untracked |  0
| 189|0x000000008bd00000, 0x000000008bd00000, 0x000000008be00000|  0%| F|  |TAMS 0x000000008bd00000| PB 0x000000008bd00000| Untracked |  0
| 190|0x000000008be00000, 0x000000008be00000, 0x000000008bf00000|  0%| F|  |TAMS 0x000000008be00000| PB 0x000000008be00000| Untracked |  0
| 191|0x000000008bf00000, 0x000000008bf00000, 0x000000008c000000|  0%| F|  |TAMS 0x000000008bf00000| PB 0x000000008bf00000| Untracked |  0
| 192|0x000000008c000000, 0x000000008c000000, 0x000000008c100000|  0%| F|  |TAMS 0x000000008c000000| PB 0x000000008c000000| Untracked |  0
| 193|0x000000008c100000, 0x000000008c100000, 0x000000008c200000|  0%| F|  |TAMS 0x000000008c100000| PB 0x000000008c100000| Untracked |  0
| 194|0x000000008c200000, 0x000000008c200000, 0x000000008c300000|  0%| F|  |TAMS 0x000000008c200000| PB 0x000000008c200000| Untracked |  0
| 195|0x000000008c300000, 0x000000008c300000, 0x000000008c400000|  0%| F|  |TAMS 0x000000008c300000| PB 0x000000008c300000| Untracked |  0
| 196|0x000000008c400000, 0x000000008c400000, 0x000000008c500000|  0%| F|  |TAMS 0x000000008c400000| PB 0x000000008c400000| Untracked |  0
| 197|0x000000008c500000, 0x000000008c500000, 0x000000008c600000|  0%| F|  |TAMS 0x000000008c500000| PB 0x000000008c500000| Untracked |  0
| 198|0x000000008c600000, 0x000000008c600000, 0x000000008c700000|  0%| F|  |TAMS 0x000000008c600000| PB 0x000000008c600000| Untracked |  0
| 199|0x000000008c700000, 0x000000008c700000, 0x000000008c800000|  0%| F|  |TAMS 0x000000008c700000| PB 0x000000008c700000| Untracked |  0
| 200|0x000000008c800000, 0x000000008c800000, 0x000000008c900000|  0%| F|  |TAMS 0x000000008c800000| PB 0x000000008c800000| Untracked |  0
| 201|0x000000008c900000, 0x000000008c900000, 0x000000008ca00000|  0%| F|  |TAMS 0x000000008c900000| PB 0x000000008c900000| Untracked |  0
| 202|0x000000008ca00000, 0x000000008ca00000, 0x000000008cb00000|  0%| F|  |TAMS 0x000000008ca00000| PB 0x000000008ca00000| Untracked |  0
| 203|0x000000008cb00000, 0x000000008cb00000, 0x000000008cc00000|  0%| F|  |TAMS 0x000000008cb00000| PB 0x000000008cb00000| Untracked |  0
| 204|0x000000008cc00000, 0x000000008cc00000, 0x000000008cd00000|  0%| F|  |TAMS 0x000000008cc00000| PB 0x000000008cc00000| Untracked |  0
| 205|0x000000008cd00000, 0x000000008cd00000, 0x000000008ce00000|  0%| F|  |TAMS 0x000000008cd00000| PB 0x000000008cd00000| Untracked |  0
| 206|0x000000008ce00000, 0x000000008ce00000, 0x000000008cf00000|  0%| F|  |TAMS 0x000000008ce00000| PB 0x000000008ce00000| Untracked |  0
| 207|0x000000008cf00000, 0x000000008cf00000, 0x000000008d000000|  0%| F|  |TAMS 0x000000008cf00000| PB 0x000000008cf00000| Untracked |  0
| 208|0x000000008d000000, 0x000000008d000000, 0x000000008d100000|  0%| F|  |TAMS 0x000000008d000000| PB 0x000000008d000000| Untracked |  0
| 209|0x000000008d100000, 0x000000008d100000, 0x000000008d200000|  0%| F|  |TAMS 0x000000008d100000| PB 0x000000008d100000| Untracked |  0
| 210|0x000000008d200000, 0x000000008d200000, 0x000000008d300000|  0%| F|  |TAMS 0x000000008d200000| PB 0x000000008d200000| Untracked |  0
| 211|0x000000008d300000, 0x000000008d300000, 0x000000008d400000|  0%| F|  |TAMS 0x000000008d300000| PB 0x000000008d300000| Untracked |  0
| 212|0x000000008d400000, 0x000000008d400000, 0x000000008d500000|  0%| F|  |TAMS 0x000000008d400000| PB 0x000000008d400000| Untracked |  0
| 213|0x000000008d500000, 0x000000008d500000, 0x000000008d600000|  0%| F|  |TAMS 0x000000008d500000| PB 0x000000008d500000| Untracked |  0
| 214|0x000000008d600000, 0x000000008d600000, 0x000000008d700000|  0%| F|  |TAMS 0x000000008d600000| PB 0x000000008d600000| Untracked |  0
| 215|0x000000008d700000, 0x000000008d700000, 0x000000008d800000|  0%| F|  |TAMS 0x000000008d700000| PB 0x000000008d700000| Untracked |  0
| 216|0x000000008d800000, 0x000000008d880000, 0x000000008d900000| 50%| E|  |TAMS 0x000000008d800000| PB 0x000000008d800000| Complete |  0
| 217|0x000000008d900000, 0x000000008da00000, 0x000000008da00000|100%| E|CS|TAMS 0x000000008d900000| PB 0x000000008d900000| Complete |  0
|2034|0x00000000ff200000, 0x00000000ff300000, 0x00000000ff300000|100%| E|CS|TAMS 0x00000000ff200000| PB 0x00000000ff200000| Complete |  0
|2035|0x00000000ff300000, 0x00000000ff400000, 0x00000000ff400000|100%| E|CS|TAMS 0x00000000ff300000| PB 0x00000000ff300000| Complete |  0
|2036|0x00000000ff400000, 0x00000000ff500000, 0x00000000ff500000|100%| E|CS|TAMS 0x00000000ff400000| PB 0x00000000ff400000| Complete |  0
|2037|0x00000000ff500000, 0x00000000ff600000, 0x00000000ff600000|100%| O|  |TAMS 0x00000000ff600000| PB 0x00000000ff600000| Untracked |  0
|2038|0x00000000ff600000, 0x00000000ff700000, 0x00000000ff700000|100%| O|  |TAMS 0x00000000ff700000| PB 0x00000000ff700000| Untracked |  0
|2039|0x00000000ff700000, 0x00000000ff800000, 0x00000000ff800000|100%| E|CS|TAMS 0x00000000ff700000| PB 0x00000000ff700000| Complete |  0
|2040|0x00000000ff800000, 0x00000000ff900000, 0x00000000ff900000|100%| O|  |TAMS 0x00000000ff900000| PB 0x00000000ff900000| Untracked |  0
|2041|0x00000000ff900000, 0x00000000ffa00000, 0x00000000ffa00000|100%| O|  |TAMS 0x00000000ffa00000| PB 0x00000000ffa00000| Untracked |  0
|2042|0x00000000ffa00000, 0x00000000ffb00000, 0x00000000ffb00000|100%| O|  |TAMS 0x00000000ffb00000| PB 0x00000000ffb00000| Untracked |  0
|2043|0x00000000ffb00000, 0x00000000ffc00000, 0x00000000ffc00000|100%| O|  |TAMS 0x00000000ffc00000| PB 0x00000000ffc00000| Untracked |  0
|2044|0x00000000ffc00000, 0x00000000ffd00000, 0x00000000ffd00000|100%| O|  |TAMS 0x00000000ffd00000| PB 0x00000000ffd00000| Untracked |  0
|2045|0x00000000ffd00000, 0x00000000ffe00000, 0x00000000ffe00000|100%| O|  |TAMS 0x00000000ffe00000| PB 0x00000000ffe00000| Untracked |  0
|2046|0x00000000ffe00000, 0x00000000fff00000, 0x00000000fff00000|100%| O|  |TAMS 0x00000000fff00000| PB 0x00000000fff00000| Untracked |  0
|2047|0x00000000fff00000, 0x0000000100000000, 0x0000000100000000|100%| E|CS|TAMS 0x00000000fff00000| PB 0x00000000fff00000| Complete |  0

Card table byte_map: [0x0000021abcb90000,0x0000021abcf90000] _byte_map_base: 0x0000021abc790000

Marking Bits: (CMBitMap*) 0x0000021aa4b2fbd0
 Bits: [0x0000021abcf90000, 0x0000021abef90000)

Polling page: 0x0000021aa2900000

Metaspace:
Metaspace        used 111608K, committed 114304K, reserved 557056K
 class space     used 12530K, committed 13824K, reserved 425984K

Usage:
  Non-class:     96.76 MB used.
      Class:     12.24 MB used.
       Both:    108.99 MB used.

Virtual space:
  Non-class space:      128.00 MB reserved,      98.12 MB ( 77%) committed,  2 nodes.
      Class space:      416.00 MB reserved,      13.50 MB (  3%) committed,  1 nodes.
             Both:      544.00 MB reserved,     111.62 MB ( 21%) committed. 

Chunk freelists:
   Non-Class:  13.00 MB
       Class:  2.50 MB
        Both:  15.50 MB

MaxMetaspaceSize: 512.00 MB
CompressedClassSpaceSize: 416.00 MB
Initial GC threshold: 21.00 MB
Current GC threshold: 177.94 MB
CDS: on
 - commit_granule_bytes: 65536.
 - commit_granule_words: 8192.
 - virtual_space_node_default_size: 8388608.
 - enlarge_chunks_in_place: 1.
UseCompressedClassPointers 1, UseCompactObjectHeaders 0
Narrow klass pointer bits 32, Max shift 3
Narrow klass base: 0x000000004b000000, Narrow klass shift: 0
Encoding Range: [0x000000004b000000 - 0x000000014b000000), (4294967296 bytes)
Klass Range:    [0x000000004b010000 - 0x0000000066000000), (452919296 bytes)
Klass ID Range:  [65536 - 452984825) (452919289)
Protection zone: [0x000000004b000000 - 0x000000004b010000), (65536 bytes)


Internal statistics:

num_allocs_failed_limit: 9.
num_arena_births: 4586.
num_arena_deaths: 0.
num_vsnodes_births: 3.
num_vsnodes_deaths: 0.
num_space_committed: 1786.
num_space_uncommitted: 0.
num_chunks_returned_to_freelist: 9.
num_chunks_taken_from_freelist: 9652.
num_chunk_merges: 6.
num_chunk_splits: 6444.
num_chunks_enlarged: 4233.
num_inconsistent_stats: 0.

CodeHeap 'non-profiled nmethods': size=120064Kb used=6234Kb max_used=6280Kb free=113829Kb
 bounds [0x0000021ab4e10000, 0x0000021ab5440000, 0x0000021abc350000]
CodeHeap 'profiled nmethods': size=120000Kb used=22207Kb max_used=22920Kb free=97792Kb
 bounds [0x0000021aad350000, 0x0000021aae9c0000, 0x0000021ab4880000]
CodeHeap 'non-nmethods': size=5696Kb used=2086Kb max_used=2211Kb free=3610Kb
 bounds [0x0000021ab4880000, 0x0000021ab4af0000, 0x0000021ab4e10000]
CodeCache: size=245760Kb, used=30527Kb, max_used=31411Kb, free=215231Kb
 total_blobs=15887, nmethods=14955, adapters=835, full_count=0
Compilation: enabled, stopped_count=0, restarted_count=0

Compilation events (20 events):
Event: 41.487 Thread 0x0000021ac1a45590 nmethod 17573 0x0000021ab542e388 code [0x0000021ab542e480, 0x0000021ab542e710]
Event: 41.487 Thread 0x0000021acb64d8c0 nmethod 17572 0x0000021ab542e788 code [0x0000021ab542e880, 0x0000021ab542eb90]
Event: 41.489 Thread 0x0000021ac1a496c0 17574       3       java.lang.Package::getName (5 bytes)
Event: 41.490 Thread 0x0000021ac1a496c0 nmethod 17574 0x0000021aae9afe88 code [0x0000021aae9aff80, 0x0000021aae9b0120]
Event: 41.498 Thread 0x0000021ac1a496c0 17575       3       jdk.internal.jimage.BasicImageReader::getLocationIndex (52 bytes)
Event: 41.498 Thread 0x0000021acb64d8c0 17576       4       java.util.concurrent.ConcurrentHashMap$ValueIterator::next (34 bytes)
Event: 41.498 Thread 0x0000021ac1a496c0 nmethod 17575 0x0000021aae9b0188 code [0x0000021aae9b0280, 0x0000021aae9b0778]
Event: 41.499 Thread 0x0000021ac1a45590 17577       4       jdk.internal.jimage.ImageStringsReader::stringFromByteBufferMatches (138 bytes)
Event: 41.502 Thread 0x0000021acb64d8c0 nmethod 17576 0x0000021ab542ec08 code [0x0000021ab542ed00, 0x0000021ab542f1f8]
Event: 41.502 Thread 0x0000021acb64d8c0 17578       4       jdk.internal.jimage.ImageLocation::verify (218 bytes)
Event: 41.505 Thread 0x0000021ac1a45590 nmethod 17577 0x0000021ab542f208 code [0x0000021ab542f300, 0x0000021ab542f768]
Event: 41.507 Thread 0x0000021ac1a496c0 17579       3       java.io.WinNTFileSystem::normalize (148 bytes)
Event: 41.508 Thread 0x0000021ac1a496c0 nmethod 17579 0x0000021aae9b0788 code [0x0000021aae9b0880, 0x0000021aae9b14f8]
Event: 41.538 Thread 0x0000021ac1a45590 17580       4       jdk.internal.jimage.ImageStringsReader::hashCode (33 bytes)
Event: 41.543 Thread 0x0000021ac1a45590 nmethod 17580 0x0000021ab542f788 code [0x0000021ab542f880, 0x0000021ab542fc88]
Event: 41.543 Thread 0x0000021ac1a45590 17581       4       jdk.internal.module.ModuleReferenceImpl::hashCode (56 bytes)
Event: 41.547 Thread 0x0000021ac1a45590 nmethod 17581 0x0000021ab542fd08 code [0x0000021ab542fe00, 0x0000021ab5430128]
Event: 41.575 Thread 0x0000021acb64d8c0 nmethod 17578 0x0000021ab5430188 code [0x0000021ab5430280, 0x0000021ab54322b0]
Event: 41.618 Thread 0x0000021ac1a496c0 17582       3       java.security.CodeSource::getCertificates (95 bytes)
Event: 41.620 Thread 0x0000021ac1a496c0 nmethod 17582 0x0000021aae9b1508 code [0x0000021aae9b1600, 0x0000021aae9b21e0]

GC Heap Usage History (20 events):
Event: 31.619 {heap Before GC invocations=42 (full 0):
 garbage-first heap   total reserved 2097152K, committed 181248K, used 119908K [0x0000000080000000, 0x0000000100000000)
  region size 1024K, 14 young (14336K), 7 survivors (7168K)
}
Event: 31.624 {heap After GC invocations=43 (full 0):
 garbage-first heap   total reserved 2097152K, committed 181248K, used 114378K [0x0000000080000000, 0x0000000100000000)
  region size 1024K, 4 young (4096K), 4 survivors (4096K)
}
Event: 32.936 {heap Before GC invocations=44 (full 0):
 garbage-first heap   total reserved 2097152K, committed 194560K, used 170698K [0x0000000080000000, 0x0000000100000000)
  region size 1024K, 58 young (59392K), 4 survivors (4096K)
}
Event: 32.941 {heap After GC invocations=45 (full 0):
 garbage-first heap   total reserved 2097152K, committed 194560K, used 116070K [0x0000000080000000, 0x0000000100000000)
  region size 1024K, 6 young (6144K), 6 survivors (6144K)
}
Event: 34.386 {heap Before GC invocations=45 (full 0):
 garbage-first heap   total reserved 2097152K, committed 194560K, used 182630K [0x0000000080000000, 0x0000000100000000)
  region size 1024K, 71 young (72704K), 6 survivors (6144K)
}
Event: 34.394 {heap After GC invocations=46 (full 0):
 garbage-first heap   total reserved 2097152K, committed 194560K, used 118160K [0x0000000080000000, 0x0000000100000000)
  region size 1024K, 6 young (6144K), 6 survivors (6144K)
}
Event: 35.674 {heap Before GC invocations=46 (full 0):
 garbage-first heap   total reserved 2097152K, committed 194560K, used 181648K [0x0000000080000000, 0x0000000100000000)
  region size 1024K, 69 young (70656K), 6 survivors (6144K)
}
Event: 35.686 {heap After GC invocations=47 (full 0):
 garbage-first heap   total reserved 2097152K, committed 194560K, used 123415K [0x0000000080000000, 0x0000000100000000)
  region size 1024K, 9 young (9216K), 9 survivors (9216K)
}
Event: 36.904 {heap Before GC invocations=48 (full 0):
 garbage-first heap   total reserved 2097152K, committed 206848K, used 181783K [0x0000000080000000, 0x0000000100000000)
  region size 1024K, 67 young (68608K), 9 survivors (9216K)
}
Event: 36.916 {heap After GC invocations=49 (full 0):
 garbage-first heap   total reserved 2097152K, committed 206848K, used 126899K [0x0000000080000000, 0x0000000100000000)
  region size 1024K, 3 young (3072K), 3 survivors (3072K)
}
Event: 38.453 {heap Before GC invocations=49 (full 0):
 garbage-first heap   total reserved 2097152K, committed 206848K, used 195507K [0x0000000080000000, 0x0000000100000000)
  region size 1024K, 69 young (70656K), 3 survivors (3072K)
}
Event: 38.461 {heap After GC invocations=50 (full 0):
 garbage-first heap   total reserved 2097152K, committed 208896K, used 135521K [0x0000000080000000, 0x0000000100000000)
  region size 1024K, 9 young (9216K), 9 survivors (9216K)
}
Event: 38.483 {heap Before GC invocations=50 (full 0):
 garbage-first heap   total reserved 2097152K, committed 208896K, used 135521K [0x0000000080000000, 0x0000000100000000)
  region size 1024K, 11 young (11264K), 9 survivors (9216K)
}
Event: 38.491 {heap After GC invocations=51 (full 0):
 garbage-first heap   total reserved 2097152K, committed 208896K, used 138152K [0x0000000080000000, 0x0000000100000000)
  region size 1024K, 3 young (3072K), 3 survivors (3072K)
}
Event: 39.293 {heap Before GC invocations=52 (full 0):
 garbage-first heap   total reserved 2097152K, committed 237568K, used 172968K [0x0000000080000000, 0x0000000100000000)
  region size 1024K, 34 young (34816K), 3 survivors (3072K)
}
Event: 39.302 {heap After GC invocations=53 (full 0):
 garbage-first heap   total reserved 2097152K, committed 237568K, used 145377K [0x0000000080000000, 0x0000000100000000)
  region size 1024K, 5 young (5120K), 5 survivors (5120K)
}
Event: 40.424 {heap Before GC invocations=53 (full 0):
 garbage-first heap   total reserved 2097152K, committed 237568K, used 188385K [0x0000000080000000, 0x0000000100000000)
  region size 1024K, 47 young (48128K), 5 survivors (5120K)
}
Event: 40.434 {heap After GC invocations=54 (full 0):
 garbage-first heap   total reserved 2097152K, committed 237568K, used 151546K [0x0000000080000000, 0x0000000100000000)
  region size 1024K, 6 young (6144K), 6 survivors (6144K)
}
Event: 41.519 {heap Before GC invocations=54 (full 0):
 garbage-first heap   total reserved 2097152K, committed 237568K, used 195578K [0x0000000080000000, 0x0000000100000000)
  region size 1024K, 49 young (50176K), 6 survivors (6144K)
}
Event: 41.527 {heap After GC invocations=55 (full 0):
 garbage-first heap   total reserved 2097152K, committed 237568K, used 157220K [0x0000000080000000, 0x0000000100000000)
  region size 1024K, 6 young (6144K), 6 survivors (6144K)
}

Metaspace Usage History (20 events):
Event: 31.619 {metaspace Before GC invocations=42 (full 0):
 Metaspace       used 97462K, committed 99968K, reserved 557056K
  class space    used 10899K, committed 12096K, reserved 425984K
}
Event: 31.625 {metaspace After GC invocations=43 (full 0):
 Metaspace       used 97462K, committed 99968K, reserved 557056K
  class space    used 10899K, committed 12096K, reserved 425984K
}
Event: 32.936 {metaspace Before GC invocations=44 (full 0):
 Metaspace       used 101123K, committed 103616K, reserved 557056K
  class space    used 11330K, committed 12544K, reserved 425984K
}
Event: 32.941 {metaspace After GC invocations=45 (full 0):
 Metaspace       used 101123K, committed 103616K, reserved 557056K
  class space    used 11330K, committed 12544K, reserved 425984K
}
Event: 34.386 {metaspace Before GC invocations=45 (full 0):
 Metaspace       used 104901K, committed 107392K, reserved 557056K
  class space    used 11739K, committed 12928K, reserved 425984K
}
Event: 34.394 {metaspace After GC invocations=46 (full 0):
 Metaspace       used 104901K, committed 107392K, reserved 557056K
  class space    used 11739K, committed 12928K, reserved 425984K
}
Event: 35.674 {metaspace Before GC invocations=46 (full 0):
 Metaspace       used 106358K, committed 108864K, reserved 557056K
  class space    used 11866K, committed 13056K, reserved 425984K
}
Event: 35.686 {metaspace After GC invocations=47 (full 0):
 Metaspace       used 106358K, committed 108864K, reserved 557056K
  class space    used 11866K, committed 13056K, reserved 425984K
}
Event: 36.904 {metaspace Before GC invocations=48 (full 0):
 Metaspace       used 106372K, committed 108864K, reserved 557056K
  class space    used 11866K, committed 13056K, reserved 425984K
}
Event: 36.916 {metaspace After GC invocations=49 (full 0):
 Metaspace       used 106372K, committed 108864K, reserved 557056K
  class space    used 11866K, committed 13056K, reserved 425984K
}
Event: 38.453 {metaspace Before GC invocations=49 (full 0):
 Metaspace       used 106707K, committed 109184K, reserved 557056K
  class space    used 11928K, committed 13120K, reserved 425984K
}
Event: 38.461 {metaspace After GC invocations=50 (full 0):
 Metaspace       used 106707K, committed 109184K, reserved 557056K
  class space    used 11928K, committed 13120K, reserved 425984K
}
Event: 38.483 {metaspace Before GC invocations=50 (full 0):
 Metaspace       used 106707K, committed 109184K, reserved 557056K
  class space    used 11928K, committed 13120K, reserved 425984K
}
Event: 38.491 {metaspace After GC invocations=51 (full 0):
 Metaspace       used 106707K, committed 109184K, reserved 557056K
  class space    used 11928K, committed 13120K, reserved 425984K
}
Event: 39.293 {metaspace Before GC invocations=52 (full 0):
 Metaspace       used 107746K, committed 110272K, reserved 557056K
  class space    used 12094K, committed 13312K, reserved 425984K
}
Event: 39.302 {metaspace After GC invocations=53 (full 0):
 Metaspace       used 107746K, committed 110272K, reserved 557056K
  class space    used 12094K, committed 13312K, reserved 425984K
}
Event: 40.424 {metaspace Before GC invocations=53 (full 0):
 Metaspace       used 108732K, committed 111360K, reserved 557056K
  class space    used 12225K, committed 13440K, reserved 425984K
}
Event: 40.434 {metaspace After GC invocations=54 (full 0):
 Metaspace       used 108732K, committed 111360K, reserved 557056K
  class space    used 12225K, committed 13440K, reserved 425984K
}
Event: 41.519 {metaspace Before GC invocations=54 (full 0):
 Metaspace       used 110883K, committed 113600K, reserved 557056K
  class space    used 12477K, committed 13760K, reserved 425984K
}
Event: 41.527 {metaspace After GC invocations=55 (full 0):
 Metaspace       used 110883K, committed 113600K, reserved 557056K
  class space    used 12477K, committed 13760K, reserved 425984K
}

Dll operation events (14 events):
Event: 0.024 Loaded shared library C:\Program Files\Java\jdk-25\bin\java.dll
Event: 0.173 Loaded shared library C:\Program Files\Java\jdk-25\bin\zip.dll
Event: 0.179 Loaded shared library C:\Program Files\Java\jdk-25\bin\instrument.dll
Event: 0.185 Loaded shared library C:\Program Files\Java\jdk-25\bin\net.dll
Event: 0.190 Loaded shared library C:\Program Files\Java\jdk-25\bin\nio.dll
Event: 0.195 Loaded shared library C:\Program Files\Java\jdk-25\bin\zip.dll
Event: 0.663 Loaded shared library C:\Program Files\Java\jdk-25\bin\jimage.dll
Event: 0.987 Loaded shared library C:\Program Files\Java\jdk-25\bin\verify.dll
Event: 1.027 Loaded shared library C:\Users\HP\.gradle\native\660c5614fbf4a5f2a75b1949f50a0caf5cd603558e7d8a26e50b933a0cfb79d1\windows-amd64\native-platform.dll
Event: 1.050 Loaded shared library C:\Users\HP\.gradle\native\0.2.8\x86_64-windows-gnu\gradle-fileevents.dll
Event: 3.156 Loaded shared library C:\Program Files\Java\jdk-25\bin\management.dll
Event: 3.158 Loaded shared library C:\Program Files\Java\jdk-25\bin\management_ext.dll
Event: 3.370 Loaded shared library C:\Program Files\Java\jdk-25\bin\extnet.dll
Event: 3.712 Loaded shared library C:\Program Files\Java\jdk-25\bin\sunmscapi.dll

Deoptimization events (20 events):
Event: 41.242 Thread 0x0000021ac7475710 Uncommon trap: trap_request=0xffffff45 fr.pc=0x0000021ab520f74c relative=0x000000000000014c
Event: 41.242 Thread 0x0000021ac7475710 Uncommon trap: reason=unstable_if action=reinterpret pc=0x0000021ab520f74c method=java.io.WinNTFileSystem.normalize(Ljava/lang/String;)Ljava/lang/String; @ 79 c2
Event: 41.242 Thread 0x0000021ac7475710 DEOPT PACKING pc=0x0000021ab520f74c sp=0x0000007086df8fa0
Event: 41.242 Thread 0x0000021ac7475710 DEOPT UNPACKING pc=0x0000021ab499f902 sp=0x0000007086df8ea0 mode 2
Event: 41.242 Thread 0x0000021ac7475710 Uncommon trap: trap_request=0xffffff45 fr.pc=0x0000021ab509306c relative=0x00000000000013ec
Event: 41.242 Thread 0x0000021ac7475710 Uncommon trap: reason=unstable_if action=reinterpret pc=0x0000021ab509306c method=java.io.WinNTFileSystem.normalize(Ljava/lang/String;II)Ljava/lang/String; @ 100 c2
Event: 41.242 Thread 0x0000021ac7475710 DEOPT PACKING pc=0x0000021ab509306c sp=0x0000007086df8e10
Event: 41.242 Thread 0x0000021ac7475710 DEOPT UNPACKING pc=0x0000021ab499f902 sp=0x0000007086df8e08 mode 2
Event: 41.244 Thread 0x0000021ac7475710 Uncommon trap: trap_request=0xffffff45 fr.pc=0x0000021ab502fd80 relative=0x0000000000000100
Event: 41.244 Thread 0x0000021ac7475710 Uncommon trap: reason=unstable_if action=reinterpret pc=0x0000021ab502fd80 method=java.io.WinNTFileSystem.normalize(Ljava/lang/String;)Ljava/lang/String; @ 79 c2
Event: 41.244 Thread 0x0000021ac7475710 DEOPT PACKING pc=0x0000021ab502fd80 sp=0x0000007086df8980
Event: 41.244 Thread 0x0000021ac7475710 DEOPT UNPACKING pc=0x0000021ab499f902 sp=0x0000007086df8908 mode 2
Event: 41.256 Thread 0x0000021ac7475710 Uncommon trap: trap_request=0xffffff45 fr.pc=0x0000021ab5157ea4 relative=0x0000000000000ea4
Event: 41.256 Thread 0x0000021ac7475710 Uncommon trap: reason=unstable_if action=reinterpret pc=0x0000021ab5157ea4 method=org.objectweb.asm.ByteVector.putInt(I)Lorg/objectweb/asm/ByteVector; @ 13 c2
Event: 41.256 Thread 0x0000021ac7475710 DEOPT PACKING pc=0x0000021ab5157ea4 sp=0x0000007086df87b0
Event: 41.256 Thread 0x0000021ac7475710 DEOPT UNPACKING pc=0x0000021ab499f902 sp=0x0000007086df85f8 mode 2
Event: 41.307 Thread 0x0000021ac7475710 Uncommon trap: trap_request=0xffffffc6 fr.pc=0x0000021ab53b411c relative=0x000000000000019c
Event: 41.307 Thread 0x0000021ac7475710 Uncommon trap: reason=bimorphic_or_optimized_type_check action=maybe_recompile pc=0x0000021ab53b411c method=org.gradle.internal.ImmutableActionSet.add(Lorg/gradle/api/Action;)Lorg/gradle/internal/ImmutableActionSet; @ 62 c2
Event: 41.307 Thread 0x0000021ac7475710 DEOPT PACKING pc=0x0000021ab53b411c sp=0x0000007086df95e0
Event: 41.307 Thread 0x0000021ac7475710 DEOPT UNPACKING pc=0x0000021ab499f902 sp=0x0000007086df9580 mode 2

Classes loaded (20 events):
Event: 41.671 Loading class java/awt/image/RenderedImage
Event: 41.671 Loading class java/awt/image/RenderedImage done
Event: 41.674 Loading class java/awt/Image
Event: 41.675 Loading class java/awt/Image done
Event: 41.675 Loading class java/awt/image/BufferedImage
Event: 41.676 Loading class java/awt/image/WritableRenderedImage
Event: 41.677 Loading class java/awt/image/WritableRenderedImage done
Event: 41.677 Loading class java/awt/Transparency
Event: 41.677 Loading class java/awt/Transparency done
Event: 41.677 Loading class java/awt/image/BufferedImage done
Event: 41.677 Loading class java/awt/Component
Event: 41.680 Loading class java/awt/image/ImageObserver
Event: 41.681 Loading class java/awt/image/ImageObserver done
Event: 41.681 Loading class java/awt/MenuContainer
Event: 41.681 Loading class java/awt/MenuContainer done
Event: 41.682 Loading class java/awt/Component done
Event: 41.683 Loading class java/awt/Graphics
Event: 41.684 Loading class java/awt/Graphics done
Event: 41.684 Loading class java/awt/Graphics2D
Event: 41.684 Loading class java/awt/Graphics2D done

Classes unloaded (0 events):
No events

Classes redefined (0 events):
No events

Internal exceptions (20 events):
Event: 40.766 Thread 0x0000021ac7475710 Exception <a 'java/lang/ClassNotFoundException'{0x000000008d856608}: java/io/InputStreamCustomizer> (0x000000008d856608) 
thrown [s\open\src\hotspot\share\classfile\systemDictionary.cpp, line 327]
Event: 40.767 Thread 0x0000021ac7475710 Exception <a 'java/lang/ClassNotFoundException'{0x000000008d865ec8}: java/io/FilterInputStreamCustomizer> (0x000000008d865ec8) 
thrown [s\open\src\hotspot\share\classfile\systemDictionary.cpp, line 327]
Event: 40.768 Thread 0x0000021ac7475710 Exception <a 'java/lang/ClassNotFoundException'{0x000000008d875dd8}: java/io/BufferedInputStreamCustomizer> (0x000000008d875dd8) 
thrown [s\open\src\hotspot\share\classfile\systemDictionary.cpp, line 327]
Event: 40.803 Thread 0x0000021ac7475710 Exception <a 'java/lang/ClassNotFoundException'{0x000000008d75fdd0}: build_1275rt6wfzote2nixflf1iciv$_run_closure2BeanInfo> (0x000000008d75fdd0) 
thrown [s\open\src\hotspot\share\classfile\systemDictionary.cpp, line 327]
Event: 40.804 Thread 0x0000021ac7475710 Exception <a 'java/lang/ClassNotFoundException'{0x000000008d76b0f0}: build_1275rt6wfzote2nixflf1iciv$_run_closure2Customizer> (0x000000008d76b0f0) 
thrown [s\open\src\hotspot\share\classfile\systemDictionary.cpp, line 327]
Event: 40.838 Thread 0x0000021ac7475710 Exception <a 'java/lang/ClassNotFoundException'{0x000000008d6a0848}: org/gradle/api/internal/artifacts/dependencies/DefaultExternalModuleDependency_DecoratedBeanInfo> (0x000000008d6a0848) 
thrown [s\open\src\hotspot\share\classfile\systemDictionary.cpp, line 327]
Event: 40.838 Thread 0x0000021ac7475710 Exception <a 'java/lang/ClassNotFoundException'{0x000000008d6b7170}: org/gradle/api/internal/artifacts/dependencies/DefaultExternalModuleDependencyBeanInfo> (0x000000008d6b7170) 
thrown [s\open\src\hotspot\share\classfile\systemDictionary.cpp, line 327]
Event: 40.839 Thread 0x0000021ac7475710 Exception <a 'java/lang/ClassNotFoundException'{0x000000008d6cda88}: org/gradle/api/internal/artifacts/dependencies/AbstractExternalModuleDependencyBeanInfo> (0x000000008d6cda88) 
thrown [s\open\src\hotspot\share\classfile\systemDictionary.cpp, line 327]
Event: 40.840 Thread 0x0000021ac7475710 Exception <a 'java/lang/ClassNotFoundException'{0x000000008d6e28b8}: org/gradle/api/internal/artifacts/dependencies/AbstractModuleDependencyBeanInfo> (0x000000008d6e28b8) 
thrown [s\open\src\hotspot\share\classfile\systemDictionary.cpp, line 327]
Event: 40.840 Thread 0x0000021ac7475710 Exception <a 'java/lang/ClassNotFoundException'{0x000000008d6f7710}: org/gradle/api/internal/artifacts/dependencies/AbstractModuleDependencyCustomizer> (0x000000008d6f7710) 
thrown [s\open\src\hotspot\share\classfile\systemDictionary.cpp, line 327]
Event: 40.841 Thread 0x0000021ac7475710 Exception <a 'java/lang/ClassNotFoundException'{0x000000008d52cd80}: org/gradle/api/internal/artifacts/dependencies/AbstractExternalModuleDependencyCustomizer> (0x000000008d52cd80) 
thrown [s\open\src\hotspot\share\classfile\systemDictionary.cpp, line 327]
Event: 40.843 Thread 0x0000021ac7475710 Exception <a 'java/lang/ClassNotFoundException'{0x000000008d557dc8}: org/gradle/api/internal/artifacts/dependencies/DefaultExternalModuleDependencyCustomizer> (0x000000008d557dc8) 
thrown [s\open\src\hotspot\share\classfile\systemDictionary.cpp, line 327]
Event: 40.844 Thread 0x0000021ac7475710 Exception <a 'java/lang/ClassNotFoundException'{0x000000008d57bfa0}: org/gradle/api/internal/artifacts/dependencies/DefaultExternalModuleDependency_DecoratedCustomizer> (0x000000008d57bfa0) 
thrown [s\open\src\hotspot\share\classfile\systemDictionary.cpp, line 327]
Event: 41.234 Thread 0x0000021ac7475710 Exception <a 'java/lang/IncompatibleClassChangeError'{0x000000008c17ae70}: Found class java.lang.Object, but interface was expected> (0x000000008c17ae70) 
thrown [s\open\src\hotspot\share\interpreter\linkResolver.cpp, line 871]
Event: 41.235 Thread 0x0000021ac7475710 Implicit null exception at 0x0000021ab542681d to 0x0000021ab5426db8
Event: 41.378 Thread 0x0000021ac7475710 Exception <a 'sun/nio/fs/WindowsException'{0x000000008ba467d0}> (0x000000008ba467d0) 
thrown [s\open\src\hotspot\share\prims\jni.cpp, line 516]
Event: 41.378 Thread 0x0000021ac7475710 Exception <a 'sun/nio/fs/WindowsException'{0x000000008ba47e08}> (0x000000008ba47e08) 
thrown [s\open\src\hotspot\share\prims\jni.cpp, line 516]
Event: 41.378 Thread 0x0000021ac7475710 Exception <a 'sun/nio/fs/WindowsException'{0x000000008ba494a0}> (0x000000008ba494a0) 
thrown [s\open\src\hotspot\share\prims\jni.cpp, line 516]
Event: 41.378 Thread 0x0000021ac7475710 Exception <a 'sun/nio/fs/WindowsException'{0x000000008ba4ab38}> (0x000000008ba4ab38) 
thrown [s\open\src\hotspot\share\prims\jni.cpp, line 516]
Event: 41.641 Thread 0x0000021ac7475710 Exception <a 'java/lang/NullPointerException'{0x00000000ff2550a0}> (0x00000000ff2550a0) 
thrown [s\open\src\hotspot\share\interpreter\linkResolver.cpp, line 1522]

VM Operations (20 events):
Event: 38.461 Executing safepoint VM operation: G1CollectForAllocation (G1 Evacuation Pause) done
Event: 38.483 Executing safepoint VM operation: G1TryInitiateConcMark (G1 Humongous Allocation)
Event: 38.491 Executing safepoint VM operation: G1TryInitiateConcMark (G1 Humongous Allocation) done
Event: 38.645 Executing safepoint VM operation: G1PauseRemark
Event: 38.656 Executing safepoint VM operation: G1PauseRemark done
Event: 38.711 Executing safepoint VM operation: G1PauseCleanup
Event: 38.711 Executing safepoint VM operation: G1PauseCleanup done
Event: 39.293 Executing safepoint VM operation: G1CollectForAllocation (G1 Evacuation Pause)
Event: 39.302 Executing safepoint VM operation: G1CollectForAllocation (G1 Evacuation Pause) done
Event: 39.778 Executing non-safepoint VM operation: HandshakeAllThreads (Deoptimize)
Event: 39.779 Executing non-safepoint VM operation: HandshakeAllThreads (Deoptimize) done
Event: 39.783 Executing non-safepoint VM operation: HandshakeAllThreads (Deoptimize)
Event: 39.783 Executing non-safepoint VM operation: HandshakeAllThreads (Deoptimize) done
Event: 40.424 Executing safepoint VM operation: G1CollectForAllocation (G1 Evacuation Pause)
Event: 40.434 Executing safepoint VM operation: G1CollectForAllocation (G1 Evacuation Pause) done
Event: 41.519 Executing safepoint VM operation: G1CollectForAllocation (G1 Evacuation Pause)
Event: 41.527 Executing safepoint VM operation: G1CollectForAllocation (G1 Evacuation Pause) done
Event: 41.536 Executing non-safepoint VM operation: HandshakeAllThreads (Deoptimize)
Event: 41.537 Executing non-safepoint VM operation: HandshakeAllThreads (Deoptimize) done
Event: 41.686 Executing safepoint VM operation: G1PauseRemark

Memory protections (0 events):
No events

Nmethod flushes (20 events):
Event: 41.692 Thread 0x0000021ac1a1ab00 flushing  nmethod 0x0000021aae7cd308
Event: 41.692 Thread 0x0000021ac1a1ab00 flushing  nmethod 0x0000021aadc4a988
Event: 41.692 Thread 0x0000021ac1a1ab00 flushing  nmethod 0x0000021aadcd8a88
Event: 41.692 Thread 0x0000021ac1a1ab00 flushing  nmethod 0x0000021aadd45608
Event: 41.692 Thread 0x0000021ac1a1ab00 flushing  nmethod 0x0000021aadd77a88
Event: 41.692 Thread 0x0000021ac1a1ab00 flushing  nmethod 0x0000021aadd78c08
Event: 41.692 Thread 0x0000021ac1a1ab00 flushing  nmethod 0x0000021aadd79608
Event: 41.692 Thread 0x0000021ac1a1ab00 flushing  nmethod 0x0000021aadd7b208
Event: 41.692 Thread 0x0000021ac1a1ab00 flushing  nmethod 0x0000021aadd7ba88
Event: 41.692 Thread 0x0000021ac1a1ab00 flushing  nmethod 0x0000021aadec3688
Event: 41.692 Thread 0x0000021ac1a1ab00 flushing  nmethod 0x0000021aadf01688
Event: 41.692 Thread 0x0000021ac1a1ab00 flushing  nmethod 0x0000021aae067c88
Event: 41.692 Thread 0x0000021ac1a1ab00 flushing  nmethod 0x0000021aae183688
Event: 41.692 Thread 0x0000021ac1a1ab00 flushing  nmethod 0x0000021aae29cc88
Event: 41.692 Thread 0x0000021ac1a1ab00 flushing  nmethod 0x0000021aae32df88
Event: 41.692 Thread 0x0000021ac1a1ab00 flushing  nmethod 0x0000021aae399008
Event: 41.692 Thread 0x0000021ac1a1ab00 flushing  nmethod 0x0000021aae3def08
Event: 41.692 Thread 0x0000021ac1a1ab00 flushing  nmethod 0x0000021aae3e9408
Event: 41.692 Thread 0x0000021ac1a1ab00 flushing  nmethod 0x0000021aae63ce88
Event: 41.692 Thread 0x0000021ac1a1ab00 flushing  nmethod 0x0000021aae7b4d08

Events (20 events):
Event: 21.101 Thread 0x0000021ac7475710 Thread added: 0x0000021acaf61000
Event: 21.409 Thread 0x0000021ac7475710 Thread added: 0x0000021acaf617d0
Event: 22.168 Thread 0x0000021ac9f3f080 Thread added: 0x0000021acaf5f0c0
Event: 22.169 Thread 0x0000021ac9f3f080 Thread added: 0x0000021acaf63710
Event: 22.169 Thread 0x0000021ac9f3f080 Thread added: 0x0000021acaf63ee0
Event: 22.169 Thread 0x0000021ac9f3f080 Thread added: 0x0000021acaf65e20
Event: 22.169 Thread 0x0000021ac9f3f080 Thread added: 0x0000021acaf65650
Event: 22.170 Thread 0x0000021ac9f3f080 Thread added: 0x0000021acaf6a470
Event: 25.431 Thread 0x0000021ac7475710 Thread added: 0x0000021acaf60830
Event: 25.838 Thread 0x0000021ac7475710 Thread added: 0x0000021acaf6b410
Event: 25.859 Thread 0x0000021ac7475710 Thread added: 0x0000021acaf6f290
Event: 29.081 Thread 0x0000021ac7475710 Thread added: 0x0000021acaf6eac0
Event: 34.533 Thread 0x0000021ac7475710 Thread added: 0x0000021acaf738e0
Event: 38.006 Thread 0x0000021ac7475710 Thread added: 0x0000021acaf74880
Event: 38.108 Thread 0x0000021ac1a496c0 Thread added: 0x0000021acb6280e0
Event: 40.494 Thread 0x0000021ac7475710 Thread added: 0x0000021ad11207d0
Event: 40.509 Thread 0x0000021ad11207d0 Thread added: 0x0000021ad1122710
Event: 40.509 Thread 0x0000021ad11207d0 Thread added: 0x0000021ad111f060
Event: 40.634 Thread 0x0000021acb6280e0 Thread exited: 0x0000021acb6280e0
Event: 40.938 Thread 0x0000021ac1a496c0 Thread added: 0x0000021acb64d8c0


Dynamic libraries:
0x00007ff600d00000 - 0x00007ff600d10000 	C:\Program Files\Java\jdk-25\bin\java.exe
0x00007ff996dc0000 - 0x00007ff997026000 	C:\WINDOWS\SYSTEM32\ntdll.dll
0x00007ff9957e0000 - 0x00007ff9958a9000 	C:\WINDOWS\System32\KERNEL32.DLL
0x00007ff994090000 - 0x00007ff99448e000 	C:\WINDOWS\System32\KERNELBASE.dll
0x00007ff9946e0000 - 0x00007ff99482c000 	C:\WINDOWS\System32\ucrtbase.dll
0x00007ff98b280000 - 0x00007ff98b29e000 	C:\Program Files\Java\jdk-25\bin\VCRUNTIME140.dll
0x00007ff974e30000 - 0x00007ff974e47000 	C:\Program Files\Java\jdk-25\bin\jli.dll
0x00007ff994be0000 - 0x00007ff994da7000 	C:\WINDOWS\System32\USER32.dll
0x00007ff979810000 - 0x00007ff979aa2000 	C:\WINDOWS\WinSxS\amd64_microsoft.windows.common-controls_6595b64144ccf1df_6.0.26100.8894_none_3e0f749ee32e02ea\COMCTL32.dll
0x00007ff994ac0000 - 0x00007ff994ae7000 	C:\WINDOWS\System32\win32u.dll
0x00007ff994af0000 - 0x00007ff994b1b000 	C:\WINDOWS\System32\GDI32.dll
0x00007ff994e10000 - 0x00007ff994eb9000 	C:\WINDOWS\System32\msvcrt.dll
0x00007ff994840000 - 0x00007ff99496a000 	C:\WINDOWS\System32\gdi32full.dll
0x00007ff993fe0000 - 0x00007ff994083000 	C:\WINDOWS\System32\msvcp_win.dll
0x00007ff996c10000 - 0x00007ff996c42000 	C:\WINDOWS\System32\IMM32.DLL
0x00007ff974e20000 - 0x00007ff974e2c000 	C:\Program Files\Java\jdk-25\bin\vcruntime140_1.dll
0x00007ff9340f0000 - 0x00007ff93417d000 	C:\Program Files\Java\jdk-25\bin\msvcp140.dll
0x00007ff8a8750000 - 0x00007ff8a95af000 	C:\Program Files\Java\jdk-25\bin\server\jvm.dll
0x00007ff995e70000 - 0x00007ff995f27000 	C:\WINDOWS\System32\ADVAPI32.dll
0x00007ff995f30000 - 0x00007ff995fda000 	C:\WINDOWS\System32\sechost.dll
0x00007ff9954e0000 - 0x00007ff9955f8000 	C:\WINDOWS\System32\RPCRT4.dll
0x00007ff994ec0000 - 0x00007ff994f40000 	C:\WINDOWS\System32\WS2_32.dll
0x00007ff98d890000 - 0x00007ff98d8c6000 	C:\WINDOWS\SYSTEM32\WINMM.dll
0x00007ff993c80000 - 0x00007ff993cde000 	C:\WINDOWS\SYSTEM32\POWRPROF.dll
0x00007ff98d8d0000 - 0x00007ff98d8db000 	C:\WINDOWS\SYSTEM32\VERSION.dll
0x00007ff993c60000 - 0x00007ff993c74000 	C:\WINDOWS\SYSTEM32\UMPDC.dll
0x00007ff992cc0000 - 0x00007ff992cdb000 	C:\WINDOWS\SYSTEM32\kernel.appcore.dll
0x00007ff974e10000 - 0x00007ff974e1a000 	C:\Program Files\Java\jdk-25\bin\jimage.dll
0x00007ff987990000 - 0x00007ff987bd2000 	C:\WINDOWS\SYSTEM32\DBGHELP.DLL
0x00007ff995900000 - 0x00007ff995c83000 	C:\WINDOWS\System32\combase.dll
0x00007ff995c90000 - 0x00007ff995d69000 	C:\WINDOWS\System32\OLEAUT32.dll
0x00007ff978620000 - 0x00007ff97865b000 	C:\WINDOWS\SYSTEM32\dbgcore.DLL
0x00007ff994970000 - 0x00007ff994a1c000 	C:\WINDOWS\System32\bcryptPrimitives.dll
0x00007ff959820000 - 0x00007ff959830000 	C:\Program Files\Java\jdk-25\bin\instrument.dll
0x00007ff974df0000 - 0x00007ff974e0f000 	C:\Program Files\Java\jdk-25\bin\java.dll
0x00007ff995610000 - 0x00007ff9957a9000 	C:\WINDOWS\System32\ole32.dll
0x00007ff996470000 - 0x00007ff996c02000 	C:\WINDOWS\System32\SHELL32.dll
0x00007ff991a80000 - 0x00007ff992312000 	C:\WINDOWS\SYSTEM32\windows.storage.dll
0x00007ff996c80000 - 0x00007ff996d77000 	C:\WINDOWS\System32\SHCORE.dll
0x00007ff995470000 - 0x00007ff9954d7000 	C:\WINDOWS\System32\shlwapi.dll
0x00007ff993f00000 - 0x00007ff993f29000 	C:\WINDOWS\SYSTEM32\profapi.dll
0x00007ff974920000 - 0x00007ff974937000 	C:\Program Files\Java\jdk-25\bin\zip.dll
0x00007ff974dd0000 - 0x00007ff974de2000 	C:\Program Files\Java\jdk-25\bin\net.dll
0x00007ff993270000 - 0x00007ff9932dc000 	C:\WINDOWS\system32\mswsock.dll
0x00007ff974940000 - 0x00007ff974956000 	C:\Program Files\Java\jdk-25\bin\nio.dll
0x00007ff959830000 - 0x00007ff959840000 	C:\Program Files\Java\jdk-25\bin\verify.dll
0x00007ff990db0000 - 0x00007ff990dd7000 	C:\Users\HP\.gradle\native\660c5614fbf4a5f2a75b1949f50a0caf5cd603558e7d8a26e50b933a0cfb79d1\windows-amd64\native-platform.dll
0x00007ff95b360000 - 0x00007ff95b3d7000 	C:\Users\HP\.gradle\native\0.2.8\x86_64-windows-gnu\gradle-fileevents.dll
0x00007ff974d20000 - 0x00007ff974d2a000 	C:\Program Files\Java\jdk-25\bin\management.dll
0x00007ff96b5e0000 - 0x00007ff96b5ec000 	C:\Program Files\Java\jdk-25\bin\management_ext.dll
0x00007ff996c70000 - 0x00007ff996c78000 	C:\WINDOWS\System32\PSAPI.DLL
0x00007ff992670000 - 0x00007ff9926a3000 	C:\WINDOWS\SYSTEM32\IPHLPAPI.DLL
0x00007ff995600000 - 0x00007ff99560a000 	C:\WINDOWS\System32\NSI.dll
0x00007ff96b5d0000 - 0x00007ff96b5d9000 	C:\Program Files\Java\jdk-25\bin\extnet.dll
0x00007ff993570000 - 0x00007ff99358b000 	C:\WINDOWS\SYSTEM32\CRYPTSP.dll
0x00007ff992c20000 - 0x00007ff992c59000 	C:\WINDOWS\system32\rsaenh.dll
0x00007ff993330000 - 0x00007ff993362000 	C:\WINDOWS\SYSTEM32\USERENV.dll
0x00007ff993ed0000 - 0x00007ff993efa000 	C:\WINDOWS\SYSTEM32\bcrypt.dll
0x00007ff993590000 - 0x00007ff99359c000 	C:\WINDOWS\SYSTEM32\CRYPTBASE.dll
0x00007ff988e10000 - 0x00007ff988e1e000 	C:\Program Files\Java\jdk-25\bin\sunmscapi.dll
0x00007ff9944a0000 - 0x00007ff994618000 	C:\WINDOWS\System32\CRYPT32.dll
0x00007ff9937b0000 - 0x00007ff9937e0000 	C:\WINDOWS\SYSTEM32\ncrypt.dll
0x00007ff993760000 - 0x00007ff99379f000 	C:\WINDOWS\SYSTEM32\NTASN1.dll
0x00007ff922ac0000 - 0x00007ff922ac8000 	C:\WINDOWS\system32\wshunix.dll

JVMTI agents:
C:\Users\HP\.gradle\wrapper\dists\gradle-9.3.1-bin\23ovyewtku6u96viwx3xl3oks\gradle-9.3.1\lib\agents\gradle-instrumentation-agent-9.3.1.jar path:C:\Program Files\Java\jdk-25\bin\instrument.dll, loaded, initialized, instrumentlib options:none

dbghelp: loaded successfully - version: 4.0.5 - missing functions: none
symbol engine: initialized successfully - sym options: 0x614 - pdb path: .;C:\Program Files\Java\jdk-25\bin;C:\WINDOWS\SYSTEM32;C:\WINDOWS\WinSxS\amd64_microsoft.windows.common-controls_6595b64144ccf1df_6.0.26100.8894_none_3e0f749ee32e02ea;C:\Program Files\Java\jdk-25\bin\server;C:\Users\HP\.gradle\native\660c5614fbf4a5f2a75b1949f50a0caf5cd603558e7d8a26e50b933a0cfb79d1\windows-amd64;C:\Users\HP\.gradle\native\0.2.8\x86_64-windows-gnu

VM Arguments:
jvm_args: --add-opens=java.base/java.lang=ALL-UNNAMED --add-opens=java.base/java.lang.invoke=ALL-UNNAMED --add-opens=java.base/java.util=ALL-UNNAMED --add-opens=java.prefs/java.util.prefs=ALL-UNNAMED --add-exports=jdk.compiler/com.sun.tools.javac.api=ALL-UNNAMED --add-exports=jdk.compiler/com.sun.tools.javac.util=ALL-UNNAMED --add-opens=java.base/java.util=ALL-UNNAMED --add-opens=java.prefs/java.util.prefs=ALL-UNNAMED --add-opens=java.base/java.nio.charset=ALL-UNNAMED --add-opens=java.base/java.net=ALL-UNNAMED --add-opens=java.base/java.util.concurrent=ALL-UNNAMED --add-opens=java.base/java.util.concurrent.atomic=ALL-UNNAMED --add-opens=java.xml/javax.xml.namespace=ALL-UNNAMED --add-opens=java.base/java.time=ALL-UNNAMED --enable-native-access=ALL-UNNAMED -XX:MaxMetaspaceSize=512m --enable-native-access=ALL-UNNAMED -Xmx2048m -Dfile.encoding=UTF-8 -Duser.country=IN -Duser.language=en -Duser.variant -javaagent:C:\Users\HP\.gradle\wrapper\dists\gradle-9.3.1-bin\23ovyewtku6u96viwx3xl3oks\gradle-9.3.1\lib\agents\gradle-instrumentation-agent-9.3.1.jar 
java_command: org.gradle.launcher.daemon.bootstrap.GradleDaemon 9.3.1
java_class_path (initial): C:\Users\HP\.gradle\wrapper\dists\gradle-9.3.1-bin\23ovyewtku6u96viwx3xl3oks\gradle-9.3.1\lib\gradle-daemon-main-9.3.1.jar
Launcher Type: SUN_STANDARD

[Global flags]
     intx CICompilerCount                          = 4                                         {product} {ergonomic}
   size_t CompressedClassSpaceSize                 = 436207616                                 {product} {ergonomic}
     uint ConcGCThreads                            = 2                                         {product} {ergonomic}
     uint G1ConcRefinementThreads                  = 8                                         {product} {ergonomic}
   size_t G1HeapRegionSize                         = 1048576                                   {product} {ergonomic}
   size_t InitialHeapSize                          = 123731968                                 {product} {ergonomic}
   size_t MarkStackSize                            = 4194304                                   {product} {ergonomic}
   size_t MarkStackSizeMax                         = 536870912                                 {product} {ergonomic}
   size_t MaxHeapSize                              = 2147483648                                {product} {command line}
   size_t MaxMetaspaceSize                         = 536870912                                 {product} {command line}
   size_t MaxNewSize                               = 1287651328                                {product} {ergonomic}
   size_t MinHeapDeltaBytes                        = 1048576                                   {product} {ergonomic}
   size_t MinHeapSize                              = 8388608                                   {product} {ergonomic}
    uintx NonNMethodCodeHeapSize                   = 5832704                                {pd product} {ergonomic}
    uintx NonProfiledCodeHeapSize                  = 122945536                              {pd product} {ergonomic}
    uintx ProfiledCodeHeapSize                     = 122880000                              {pd product} {ergonomic}
    uintx ReservedCodeCacheSize                    = 251658240                              {pd product} {ergonomic}
     bool SegmentedCodeCache                       = true                                      {product} {ergonomic}
   size_t SoftMaxHeapSize                          = 2147483648                             {manageable} {ergonomic}
     bool UseCompressedOops                        = true                           {product lp64_product} {ergonomic}
     bool UseG1GC                                  = true                                      {product} {ergonomic}
     bool UseLargePagesIndividualAllocation        = false                                  {pd product} {ergonomic}

Logging:
Log output configuration:
 #0: stdout all=warning uptime,level,tags foldmultilines=false
 #1: stderr all=off uptime,level,tags foldmultilines=false

Release file:
IMPLEMENTOR="Oracle Corporation" 
JAVA_RUNTIME_VERSION="25.0.1+8-LTS-27" 
JAVA_VERSION="25.0.1" 
JAVA_VERSION_DATE="2025-10-21" 
LIBC="default" 
MODULES="java.base java.compiler java.datatransfer java.xml java.prefs java.desktop java.instrument java.logging java.management java.security.sasl java.naming java.rmi java.management.rmi java.net.http java.scripting java.security.jgss java.transaction.xa java.sql java.sql.rowset java.xml.crypto java.se java.smartcardio jdk.accessibility jdk.internal.jvmstat jdk.attach jdk.charsets jdk.internal.opt jdk.zipfs jdk.compiler jdk.crypto.cryptoki jdk.crypto.ec jdk.crypto.mscapi jdk.dynalink jdk.internal.ed jdk.editpad jdk.internal.vm.ci jdk.graal.compiler jdk.graal.compiler.management jdk.hotspot.agent jdk.httpserver jdk.incubator.vector jdk.internal.le jdk.internal.md jdk.jartool jdk.javadoc jdk.jcmd jdk.management jdk.management.agent jdk.jconsole jdk.jdeps jdk.jdwp.agent jdk.jdi jdk.jfr jdk.jlink jdk.jpackage jdk.jshell jdk.jsobject jdk.jstatd jdk.localedata jdk.management.jfr jdk.naming.dns jdk.naming.rmi jdk.net jdk.nio.mapmode jdk.sctp jdk.security.auth jdk.security.jgss jdk.unsupported jdk.unsupported.desktop jdk.xml.dom" 
OS_ARCH="x86_64" 
OS_NAME="Windows" 
SOURCE=".:git:862c85bc42b7 open:git:78770bfaefd2" 

Environment Variables:
PATH=D:\MCA\Sem 3\Capstone Project\FoodLensApp\node_modules\.bin;D:\MCA\Sem 3\Capstone Project\FoodLensApp\node_modules\.bin;D:\MCA\Sem 3\Capstone Project\node_modules\.bin;D:\MCA\Sem 3\node_modules\.bin;D:\MCA\node_modules\.bin;D:\node_modules\.bin;C:\Program Files\nodejs\node_modules\npm\node_modules\@npmcli\run-script\lib\node-gyp-bin;C:\Program Files\Common Files\Oracle\Java\javapath;C:\Program Files (x86)\VMware\VMware Player\bin\;C:\WINDOWS\system32;C:\WINDOWS;C:\WINDOWS\System32\Wbem;C:\WINDOWS\System32\WindowsPowerShell\v1.0\;C:\WINDOWS\System32\OpenSSH\;C:\WINDOWS\system32;C:\WINDOWS;C:\WINDOWS\System32\Wbem;C:\WINDOWS\System32\WindowsPowerShell\v1.0\;C:\WINDOWS\System32\OpenSSH\;C:\Program Files\cursor\resources\app\bin;C:\Program Files\Java\jdk-25\bin;C:\Program Files\Git\cmd;C:\Program Files\Git\bin;C:\Program Files\nodejs\;C:\Users\HP\AppData\Local\Programs\Python\Python310\Scripts\;C:\Users\HP\AppData\Local\Programs\Python\Python310\;C:\Users\HP\.local\bin;C:\Program Files\MySQL\MySQL Shell 8.0\bin\;C:\Users\HP\AppData\Local\Microsoft\WindowsApps;C:\Users\HP\AppData\Local\Programs\Microsoft VS Code\bin;C:\MinGW\bin;C:\Users\HP\AppData\Local\Python\bin;C:\Program Files\JetBrains\PyCharm 2025.2.4\bin;C:\Users\HP\AppData\Local\Programs\Antigravity\bin;C:\Users\HP\AppData\Local\GitHubDesktop\bin;C:\Users\HP\AppData\Local\Pandoc\;C:\Users\HP\AppData\Roaming\npm;C:\Users\HP\AppData\Local\Programs\Antigravity IDE\bin;C:\Users\HP\AppData\Local\Android\Sdk\platform-tools;C:\Users\HP\AppData\Local\Android\Sdk\platform-tools;c:\Users\HP\.antigravity-ide\extensions\vscjava.vscode-java-debug-0.59.0-universal\bundled\scripts\noConfigScripts;c:\Users\HP\.antigravity-ide\extensions\ms-python.debugpy-2026.6.0-win32-x64\bundled\scripts\noConfigScripts
USERNAME=HP
LANG=en_US.UTF-8
OS=Windows_NT
PROCESSOR_IDENTIFIER=AMD64 Family 23 Model 104 Stepping 1, AuthenticAMD
TMP=C:\Users\HP\AppData\Local\Temp
TEMP=C:\Users\HP\AppData\Local\Temp




Compilation memory statistics disabled.

Periodic native trim disabled

---------------  S Y S T E M  ---------------

OS:
 Windows 11 , 64 bit Build 26100 (10.0.26100.8875)
OS uptime: 0 days 0:56 hours
Hyper-V role detected

CPU: total 8 (initial active 8) (8 cores per cpu, 2 threads per core) family 23 model 104 stepping 1 microcode 0x8608104, cx8, cmov, fxsr, ht, mmx, 3dnowpref, sse, sse2, sse3, ssse3, sse4a, sse4.1, sse4.2, popcnt, lzcnt, tsc, tscinvbit, avx, avx2, aes, clmul, bmi1, bmi2, adx, sha, fma, vzeroupper, clflush, clflushopt, clwb, hv, rdtscp, rdpid, f16c
Processor Information for processor 0
  Max Mhz: 2600, Current Mhz: 2600, Mhz Limit: 2600
Processor Information for processor 1
  Max Mhz: 2600, Current Mhz: 2080, Mhz Limit: 2600
Processor Information for processor 2
  Max Mhz: 2600, Current Mhz: 2600, Mhz Limit: 2600
Processor Information for processor 3
  Max Mhz: 2600, Current Mhz: 2600, Mhz Limit: 2600
Processor Information for processor 4
  Max Mhz: 2600, Current Mhz: 2600, Mhz Limit: 2600
Processor Information for processor 5
  Max Mhz: 2600, Current Mhz: 2600, Mhz Limit: 2600
Processor Information for processor 6
  Max Mhz: 2600, Current Mhz: 2600, Mhz Limit: 2600
Processor Information for processor 7
  Max Mhz: 2600, Current Mhz: 2600, Mhz Limit: 2600

Memory: 4k page, system-wide physical 7502M (385M free)
TotalPageFile size 20141M (AvailPageFile size 31M)
current process WorkingSet (physical memory assigned to process): 507M, peak: 511M
current process commit charge ("private bytes"): 574M, peak: 601M

vm_info: Java HotSpot(TM) 64-Bit Server VM (25.0.1+8-LTS-27) for windows-amd64 JRE (25.0.1+8-LTS-27), built on 2025-09-25T16:41:16Z with unknown MS VC++:1943

END.
